{"stats":{"minecraft:dropped":{"sophisticatedbackpacks:iron_backpack":3,"minecraft:iron_sword":1,"butchersdelight:dead_cow":1,"minecraft:lapis_lazuli":110,"minecraft:cooked_beef":3,"minecraft:diamond":5,"minecraft:cooked_porkchop":11,"exlinefurniture:spruce_log_table":1,"minecraft:leather":36,"minecraft:saddle":1,"artifacts:universal_attractor":1,"minecraft:emerald":74,"minecraft:dirt":1,"minecraft:dark_oak_log":9,"minecraft:snowball":18,"alexsmobs:cooked_catfish":2,"minecraft:iron_pickaxe":3,"minecraft:dark_oak_planks":33,"minecraft:white_wool":3,"minecraft:bone":47,"minecraft:gold_ingot":7,"minecraft:stone_axe":3,"minecraft:sugar_cane":22,"storagedrawers:spruce_full_drawers_4":20,"butchersdelight:deadsheep":4,"butchersdelight:cleaver":2,"minecraft:rotten_flesh":2,"artifacts:villager_hat":3,"minecraft:cooked_mutton":1,"minecraft:white_bed":1,"minecraft:carrot":8,"ava:colt_saa":1,"vc_gliders:paraglider_wood":3,"minecraft:chest":6,"ava:k1a1":1,"farmersdelight:rope":64,"comforts:sleeping_bag_white":2,"minecraft:arrow":48,"minecraft:glass":11,"minecraft:oak_leaves":21,"minecraft:lectern":2,"minecraft:enchanted_book":2,"minecraft:iron_ingot":8,"minecraft:wheat_seeds":5,"minecraft:birch_leaves":16,"storagedrawers:dark_oak_full_drawers_4":4,"elevatorid:elevator_brown":1,"minecraft:dripstone_block":2,"minecraft:iron_helmet":2,"minecraft:cobblestone":61,"minecraft:book":6,"minecraft:coal":114,"minecraft:stick":59,"minecraft:lava_bucket":4,"butchersdelight:skullcow":1,"minecraft:milk_bucket":2,"minecraft:iron_leggings":1,"minecraft:string":4,"farmersdelight:rich_soil":3,"butchersdelight:deadchiken":1,"minecraft:bricks":159,"butchersdelight:deadllama":2,"minecraft:raw_copper":283,"minecraft:raw_iron":2,"minecraft:stone_shovel":2,"minecraft:clay_ball":420,"sophisticatedbackpacks:backpack":2,"cfm:dark_oak_upgraded_fence":415,"minecraft:shears":5,"minecraft:iron_chestplate":1,"pfm:furniture_book":1,"minecraft:spruce_log":30,"minecraft:bow":1,"minecraft:stone_pickaxe":7,"minecraft:magma_block":18,"pfm:dark_oak_herringbone_planks":125,"cfm:dark_oak_upgraded_gate":4,"ava:shotgun_ammo":64,"minecraft:brick":2,"ava:work_hardened_iron":14},"minecraft:crafted":{"minecraft:brick":817,"minecraft:obsidian":4,"minecraft:black_dye":1,"minecraft:smooth_stone":12,"minecraft:oak_planks":28,"cfm:dark_oak_upgraded_fence":324,"farmersdelight:canvas":21,"minecraft:cooked_chicken":3,"minecraft:cobweb":35,"giacomos_fishing_net:fishing_meal":6,"minecraft:birch_slab":6,"minecraft:stone":12,"sophisticatedbackpacks:crafting_upgrade":1,"minecraft:diamond_shovel":1,"farmersdelight:rope":180,"minecraft:bookshelf":2,"minecraft:cooked_mutton":15,"butchersdelight:rack":1,"minecraft:dark_oak_door":3,"minecraft:glass":69,"ava:silicon":32,"ava:work_hardened_iron":48,"minecraft:iron_boots":1,"minecraft:raw_copper":144,"minecraft:chest":35,"aiot:diamond_aiot":1,"pfm:iron_freezer":1,"alexsmobs:cooked_catfish":2,"minecraft:bricks":158,"minecraft:stone_hoe":1,"minecraft:raw_iron_block":14,"minecraft:glass_bottle":9,"minecraft:emerald":89,"sophisticatedbackpacks:backpack":2,"minecraft:cooked_porkchop":4,"minecraft:diamond_axe":2,"cfm:dark_oak_upgraded_gate":6,"minecraft:crafting_table":1,"minecraft:spruce_planks":460,"farmersdelight:iron_knife":1,"minecraft:wooden_pickaxe":1,"minecraft:iron_helmet":1,"pfm:dark_oak_black_classic_bed":1,"minecraft:brown_bed":5,"minecraft:copper_ingot":825,"minecraft:fletching_table":1,"butchersdelight:cleaver":1,"minecraft:birch_planks":68,"comforts:sleeping_bag_black":1,"farmersdelight:organic_compost":4,"sophisticatedbackpacks:upgrade_base":1,"pfm:working_table":1,"farmersdelight:cutting_board":1,"farmersdelight:fried_egg":121,"minecraft:spruce_trapdoor":2,"minecraft:lectern":5,"minecraft:paper":51,"minecraft:iron_chestplate":1,"minecraft:string":36,"minecraft:dark_oak_slab":456,"minecraft:book":9,"exlinefurniture:dark_oak_log_table":1,"minecraft:charcoal":46,"minecraft:diamond_pickaxe":1,"pfm:dark_oak_white_classic_bed":1,"minecraft:birch_fence":6,"minecraft:stick":416,"minecraft:iron_ingot":1240,"minecraft:iron_pickaxe":6,"minecraft:stone_sword":1,"minecraft:iron_block":3,"minecraft:gold_ingot":62,"minecraft:black_bed":1,"minecraft:dark_oak_fence_gate":3,"animal_feeding_trough:feeding_trough":3,"minecraft:shears":2,"minecraft:stone_shovel":13,"storagedrawers:dark_oak_full_drawers_4":4,"minecraft:redstone":34,"minecraft:coal":117,"ava:fibre":12,"farmersdelight:canvas_sign":3,"minecraft:iron_nugget":18,"minecraft:diamond_hoe":1,"pfm:dark_oak_simple_bunk_ladder":4,"pfm:dark_oak_herringbone_planks":424,"storagedrawers:spruce_full_drawers_4":20,"minecraft:furnace":5,"minecraft:blast_furnace":2,"minecraft:bone_meal":672,"minecraft:glass_pane":48,"ava:plastic":10,"minecraft:blue_ice":1,"minecraft:dark_oak_fence":6,"minecraft:leather":23,"minecraft:spruce_slab":6,"minecraft:stone_pickaxe":20,"minecraft:dark_oak_planks":536,"minecraft:wheat":916,"sophisticatedbackpacks:iron_backpack":2,"minecraft:cooked_beef":85,"minecraft:coal_block":11,"minecraft:diamond_sword":1,"giacomos_fishing_net:fishing_net":1,"vc_gliders:reinforced_paper":3,"elevatorid:elevator_brown":4,"butchersdelight:hook":2,"minecraft:iron_sword":1,"sophisticatedbackpacks:gold_backpack":1,"minecraft:ice":4,"minecraft:bucket":3,"vc_gliders:paraglider_wood":1,"minecraft:stone_axe":9,"minecraft:enchanted_book":16,"minecraft:air":0,"cfm:dark_oak_blinds":12,"minecraft:wooden_axe":1,"minecraft:iron_leggings":1,"minecraft:anvil":1,"minecraft:white_bed":2,"minecraft:torch":64},"minecraft:picked_up":{"minecraft:wheat":19,"minecraft:smithing_table":2,"artifacts:bunny_hoppers":2,"minecraft:brewing_stand":1,"farmersdelight:cutting_board":2,"minecraft:string":27,"minecraft:raw_copper":983,"butchersdelight:cleaver":2,"minecraft:beetroot":1,"comforts:sleeping_bag_black":2,"minecraft:smooth_stone":1,"minecraft:cobbled_deepslate":853,"minecraft:bucket":3,"comforts:sleeping_bag_white":2,"minecraft:spruce_planks":188,"delightful:acorn":21,"minecraft:cobblestone_slab":7,"minecraft:iron_pickaxe":1,"delightful:green_tea_leaf":19,"farmersdelight:cabbage_seeds":1,"minecraft:furnace":8,"minecraft:stick":109,"artifacts:universal_attractor":1,"minecraft:torch":125,"ava:work_hardened_iron":14,"minecraft:pointed_dripstone":74,"minecraft:diorite":84,"minecraft:cauldron":1,"farmersdelight:fried_egg":15,"minecraft:rotten_flesh":58,"animal_feeding_trough:feeding_trough":1,"artifacts:villager_hat":2,"farmersdelight:onion":1,"farmersdelight:tree_bark":110,"minecraft:bookshelf":2,"comforts:sleeping_bag_yellow":94,"ava:packed_gunpowder":2,"minecraft:snowball":205,"minecraft:cobblestone":1747,"minecraft:birch_log":5,"minecraft:pink_petals":11,"minecraft:magma_block":18,"minecraft:feather":6,"minecraft:birch_slab":4,"minecraft:andesite":108,"minecraft:brown_wool":62,"minecraft:potato":1,"butchersdelight:deadpig":9,"minecraft:flint":6,"delightful:cantaloupe":3,"minecraft:tuff":142,"butchersdelight:goat_fur":1,"minecraft:lapis_lazuli":230,"minecraft:dirt":1460,"minecraft:leather_boots":1,"minecraft:glass":14,"minecraft:bone":434,"minecraft:bow":28,"minecraft:wheat_seeds":232,"minecraft:raw_gold":91,"vc_gliders:paraglider_wood":2,"minecraft:cooked_porkchop":1,"butchersdelight:skullcow":17,"butchersdelight:cow_hide":19,"minecraft:sand":181,"minecraft:stripped_spruce_log":110,"sophisticatedbackpacks:iron_backpack":4,"minecraft:ink_sac":2,"minecraft:grass_block":3,"minecraft:dark_oak_log":1110,"minecraft:barrel":1,"minecraft:mossy_cobblestone":6,"exlinefurniture:spruce_log_table":2,"minecraft:diamond":79,"minecraft:spruce_boat":1,"artifacts:crystal_heart":1,"waystones:waystone":1,"minecraft:granite":141,"butchersdelight:deadllama":2,"minecraft:emerald":109,"alexsmobs:maggot":6,"pfm:furniture_book":1,"minecraft:oak_sapling":16,"minecraft:netherrack":7,"minecraft:bricks":8,"minecraft:oak_leaves":91,"minecraft:charcoal":113,"minecraft:mud":1,"minecraft:crafting_table":10,"minecraft:allium":1,"minecraft:azure_bluet":1,"minecraft:chicken":3,"minecraft:clay_ball":1829,"minecraft:leather_leggings":3,"minecraft:brown_mushroom":147,"pfm:dark_oak_herringbone_planks":16,"gravestone:obituary":2,"pfm:dark_oak_simple_bunk_ladder":3,"minecraft:brick":5,"minecraft:shield":1,"minecraft:white_carpet":1,"minecraft:birch_fence":4,"butchersdelight:dead_cow":18,"minecraft:candle":1,"minecraft:beef":64,"farmersdelight:straw":349,"minecraft:light_gray_wool":2,"minecraft:lectern":27,"minecraft:sugar_cane":355,"minecraft:chest":7,"ava:k1a1":1,"minecraft:egg":145,"minecraft:dark_oak_sapling":115,"minecraft:raw_iron":724,"minecraft:copper_ingot":1,"sophisticatedbackpacks:backpack":4,"farmersdelight:tomato_seeds":3,"minecraft:carrot":21,"minecraft:redstone":47,"minecraft:dark_oak_planks":204,"minecraft:arrow":372,"butchersdelight:deadsheep":18,"minecraft:stone_shovel":1,"minecraft:beetroot_seeds":3,"minecraft:shears":3,"minecraft:hay_block":102,"minecraft:saddle":2,"minecraft:mutton":15,"minecraft:white_wool":40,"cfm:dark_oak_upgraded_fence":148,"minecraft:birch_leaves":42,"farmersdelight:rich_soil":33,"minecraft:leather":120,"minecraft:red_mushroom":52,"cfm:dark_oak_upgraded_gate":1,"pfm:dark_oak_black_classic_bed":1,"minecraft:oak_log":26,"minecraft:gunpowder":17,"farmersdelight:organic_compost":11,"butchersdelight:deadchiken":5,"minecraft:cooked_mutton":9,"minecraft:apple":11,"minecraft:iron_ingot":10,"minecraft:stone_pickaxe":6,"minecraft:cobweb":1,"ava:colt_saa":1,"minecraft:gray_bed":1,"minecraft:iron_sword":1,"minecraft:book":18,"minecraft:milk_bucket":1,"minecraft:pumpkin":7,"minecraft:dandelion":3,"minecraft:dripstone_block":27,"minecraft:gravel":76,"minecraft:lava_bucket":2,"minecraft:spruce_sapling":43,"minecraft:blast_furnace":1,"delightful:salmonberries":7,"minecraft:white_bed":3,"minecraft:spruce_log":113,"minecraft:spider_eye":2,"butchersdelight:sheephide":7,"minecraft:stone_axe":1,"minecraft:iron_helmet":1,"minecraft:gray_wool":2,"minecraft:melon_seeds":1,"minecraft:black_wool":1,"minecraft:coal":900,"minecraft:ender_pearl":7},"minecraft:used":{"comforts:sleeping_bag_yellow":93,"minecraft:chest":9,"minecraft:shield":36,"butchersdelight:hook":2,"minecraft:iron_sword":250,"minecraft:rotten_flesh":2,"minecraft:iron_chestplate":2,"cfm:dark_oak_upgraded_gate":3,"pfm:dark_oak_black_classic_bed":2,"minecraft:tuff":25,"minecraft:spruce_boat":1,"cfm:dark_oak_upgraded_fence":57,"minecraft:bricks":7,"minecraft:iron_helmet":2,"pfm:dark_oak_simple_bunk_ladder":5,"delightful:green_tea_leaf":2,"farmersdelight:cutting_board":3,"minecraft:hay_block":1,"minecraft:bow":208,"minecraft:furnace":9,"minecraft:beetroot_seeds":1,"minecraft:dark_oak_sapling":68,"elevatorid:elevator_brown":1,"pfm:iron_freezer":1,"minecraft:stone_pickaxe":3423,"minecraft:lily_pad":1,"minecraft:diamond_axe":535,"minecraft:wooden_pickaxe":59,"farmersdelight:organic_compost":37,"butchersdelight:skullcow":3,"giacomos_fishing_net:fishing_net":1,"minecraft:blast_furnace":5,"minecraft:shears":139,"minecraft:birch_fence":4,"waystones:waystone":1,"sophisticatedbackpacks:backpack":2,"minecraft:birch_slab":4,"minecraft:bread":25,"pfm:working_table":1,"minecraft:dark_oak_log":1,"minecraft:lectern":30,"pfm:dark_oak_white_classic_bed":1,"minecraft:gravel":1,"pfm:dark_oak_herringbone_planks":194,"minecraft:smithing_table":1,"minecraft:andesite":10,"minecraft:air":47,"delightful:acorn":2,"minecraft:bone_meal":77,"minecraft:cobweb":1,"minecraft:stone_sword":157,"minecraft:stone_shovel":1452,"farmersdelight:rich_soil":41,"minecraft:stone_hoe":8,"minecraft:torch":162,"minecraft:brewing_stand":1,"minecraft:dirt":1329,"minecraft:anvil":1,"minecraft:white_carpet":1,"farmersdelight:rope":5,"minecraft:dark_oak_planks":28,"minecraft:wooden_axe":54,"minecraft:iron_boots":1,"aiot:diamond_aiot":194,"minecraft:cooked_beef":18,"minecraft:cobbled_deepslate":19,"minecraft:pointed_dripstone":47,"farmersdelight:fried_egg":86,"minecraft:iron_leggings":2,"minecraft:cooked_mutton":21,"minecraft:wheat_seeds":1,"farmersdelight:iron_knife":1675,"minecraft:water_bucket":7,"minecraft:glass_bottle":88,"comforts:sleeping_bag_black":2,"storagedrawers:spruce_full_drawers_4":3,"minecraft:brown_mushroom":23,"cfm:dark_oak_blinds":12,"minecraft:cauldron":1,"minecraft:fletching_table":1,"minecraft:cobblestone_slab":2,"animal_feeding_trough:feeding_trough":4,"farmersdelight:canvas_sign":7,"delightful:salmonberries":1,"farmersdelight:onion":1,"minecraft:crafting_table":11,"minecraft:red_mushroom":9,"minecraft:white_bed":4,"minecraft:spruce_log":3,"minecraft:dark_oak_door":2,"minecraft:mud":1,"exlinefurniture:spruce_log_table":1,"minecraft:apple":13,"ava:ammo_kit_supplier":1,"minecraft:iron_pickaxe":1524,"minecraft:spruce_trapdoor":2,"exlinefurniture:dark_oak_log_table":1,"minecraft:spruce_sapling":24,"minecraft:stone_axe":716,"minecraft:pink_petals":11,"minecraft:cobblestone":233,"minecraft:potion":47,"minecraft:cooked_porkchop":6,"minecraft:bucket":22,"minecraft:glass_pane":12,"alexsmobs:animal_dictionary":1,"minecraft:smooth_stone":1,"butchersdelight:rack":1},"minecraft:mined":{"minecraft:white_bed":3,"farmersdelight:rich_soil":30,"minecraft:granite":141,"minecraft:grass_block":529,"minecraft:smooth_stone":1,"minecraft:tall_seagrass":2,"minecraft:magma_block":11,"minecraft:iron_ore":448,"minecraft:barrel":1,"minecraft:cobbled_deepslate":1,"minecraft:pumpkin":7,"minecraft:deepslate_lapis_ore":8,"minecraft:pointed_dripstone":15,"minecraft:dirt_path":1,"farmersdelight:rich_soil_farmland":1,"minecraft:deepslate_redstone_ore":10,"minecraft:brown_mushroom":2,"farmersdelight:organic_compost":4,"minecraft:powder_snow":14,"minecraft:clay":243,"cfm:dark_oak_upgraded_gate":1,"minecraft:torch":56,"minecraft:blast_furnace":1,"minecraft:chest":4,"minecraft:dead_bush":3,"farmersdelight:brown_mushroom_colony":28,"farmersdelight:cabbages":1,"minecraft:cobblestone":7,"minecraft:sugar_cane":145,"minecraft:wall_torch":58,"minecraft:pink_petals":4,"minecraft:seagrass":2,"delightful:cantaloupe":3,"minecraft:wheat":1,"minecraft:birch_log":5,"minecraft:mud":1,"farmersdelight:cutting_board":2,"minecraft:grass":1599,"minecraft:oak_log":26,"minecraft:beetroots":1,"minecraft:dark_oak_sapling":1,"minecraft:dirt":433,"minecraft:sand":181,"minecraft:netherrack":7,"minecraft:oak_leaves":125,"minecraft:deepslate":827,"minecraft:tuff":142,"pfm:dark_oak_simple_bunk_ladder":3,"pfm:dark_oak_herringbone_planks":4,"minecraft:deepslate_diamond_ore":71,"minecraft:candle":1,"minecraft:dark_oak_log":804,"butchersdelight:deadsheepblock":1,"gravestone:gravestone":12,"minecraft:birch_slab":4,"minecraft:spruce_leaves":13,"minecraft:red_mushroom":1,"animal_feeding_trough:feeding_trough":1,"farmersdelight:red_mushroom_colony":10,"minecraft:hay_block":89,"minecraft:large_fern":7,"farmersdelight:wild_onions":1,"minecraft:spruce_sapling":3,"minecraft:furnace":8,"cfm:dark_oak_upgraded_fence":11,"minecraft:snow":20,"minecraft:andesite":108,"pfm:dark_oak_black_classic_bed":1,"minecraft:deepslate_iron_ore":276,"butchersdelight:skullcow":1,"minecraft:stone":1646,"minecraft:smithing_table":1,"minecraft:snow_block":49,"minecraft:crafting_table":11,"minecraft:emerald_ore":2,"minecraft:campfire":2,"minecraft:lectern":27,"minecraft:copper_ore":191,"minecraft:tall_grass":75,"minecraft:deepslate_gold_ore":86,"minecraft:lapis_ore":19,"delightful:wild_salmonberries":6,"minecraft:diorite":84,"minecraft:gray_bed":1,"minecraft:spruce_log":105,"minecraft:birch_leaves":47,"minecraft:coal_ore":814,"minecraft:gravel":82,"minecraft:dripstone_block":27,"minecraft:cobweb":1,"minecraft:gold_ore":6,"minecraft:birch_fence":4,"minecraft:fern":4},"minecraft:broken":{"minecraft:shears":1,"minecraft:stone_pickaxe":26,"minecraft:stone_axe":4,"minecraft:iron_sword":1,"minecraft:bow":1,"minecraft:stone_shovel":10,"minecraft:stone_sword":1,"minecraft:wooden_pickaxe":1,"minecraft:iron_pickaxe":6},"minecraft:killed":{"minecraft:spider":6,"minecraft:skeleton":359,"ava:blue_robot":2,"minecraft:zombie_villager":1,"minecraft:salmon":1,"minecraft:creeper":15,"minecraft:sheep":17,"minecraft:pillager":7,"minecraft:zombie":33,"alexsmobs:fly":8,"minecraft:vindicator":1,"minecraft:drowned":1,"minecraft:enderman":3},"minecraft:killed_by":{"minecraft:vindicator":2,"minecraft:zombie":4,"minecraft:skeleton":1},"minecraft:custom":{"minecraft:interact_with_crafting_table":186,"minecraft:open_barrel":7,"minecraft:bell_ring":12,"minecraft:leave_game":8,"minecraft:time_since_death":1286096,"minecraft:sprint_one_cm":3413137,"minecraft:damage_blocked_by_shield":890,"minecraft:drop":513,"minecraft:talked_to_villager":160,"minecraft:play_time":2130092,"minecraft:deaths":12,"minecraft:jump":8517,"minecraft:interact_with_brewingstand":1,"minecraft:walk_on_water_one_cm":103308,"minecraft:interact_with_furnace":404,"minecraft:traded_with_villager":122,"minecraft:sleep_in_bed":129,"minecraft:waystone_activated":3,"minecraft:damage_dealt":84169,"minecraft:player_kills":1,"minecraft:crouch_one_cm":26747,"minecraft:interact_with_smoker":29,"minecraft:use_cauldron":7,"minecraft:horse_one_cm":1082289,"minecraft:interact_with_smithing_table":1,"minecraft:interact_with_anvil":14,"minecraft:mob_kills":468,"minecraft:fill_cauldron":1,"minecraft:damage_dealt_resisted":69,"minecraft:climb_one_cm":4594,"minecraft:walk_one_cm":1485169,"minecraft:damage_dealt_absorbed":106,"minecraft:raid_win":1,"minecraft:sneak_time":22532,"minecraft:walk_under_water_one_cm":76627,"minecraft:boat_one_cm":757908,"minecraft:interact_with_blast_furnace":112,"minecraft:total_world_time":2130092,"minecraft:raid_trigger":1,"minecraft:time_since_rest":1212,"minecraft:damage_taken":6141,"minecraft:swim_one_cm":200678,"minecraft:freezer_opened":34,"minecraft:fly_one_cm":1679146,"minecraft:open_chest":727,"minecraft:fall_one_cm":277787}},"DataVersion":3465}