{"stats":{"minecraft:used":{"minecraft:white_bed":2,"ava:ammo_kit_supplier":1,"minecraft:crafting_table":1},"minecraft:custom":{"minecraft:jump":120,"minecraft:time_since_rest":27092,"minecraft:crouch_one_cm":4,"minecraft:leave_game":1,"minecraft:play_time":52297,"minecraft:sprint_one_cm":20229,"minecraft:time_since_death":52297,"minecraft:walk_one_cm":6584,"minecraft:sleep_in_bed":1,"minecraft:sneak_time":172,"minecraft:total_world_time":52297,"minecraft:interact_with_crafting_table":1,"minecraft:fly_one_cm":99963},"minecraft:crafted":{"comforts:sleeping_bag_black":1}},"DataVersion":3465}