{"stats":{"minecraft:crafted":{"minecraft:brick":817,"minecraft:black_dye":1,"minecraft:smooth_stone":8,"minecraft:oak_planks":28,"cfm:dark_oak_upgraded_fence":324,"farmersdelight:canvas":6,"minecraft:cooked_chicken":3,"minecraft:cobweb":35,"giacomos_fishing_net:fishing_meal":2,"minecraft:birch_slab":6,"minecraft:stone":8,"sophisticatedbackpacks:crafting_upgrade":1,"farmersdelight:rope":180,"minecraft:bookshelf":1,"minecraft:cooked_mutton":15,"butchersdelight:rack":1,"minecraft:dark_oak_door":3,"minecraft:glass":69,"ava:silicon":32,"ava:work_hardened_iron":48,"minecraft:iron_boots":1,"minecraft:chest":35,"pfm:iron_freezer":1,"minecraft:bricks":158,"minecraft:stone_hoe":1,"minecraft:glass_bottle":9,"minecraft:emerald":73,"sophisticatedbackpacks:backpack":2,"minecraft:cooked_porkchop":4,"cfm:dark_oak_upgraded_gate":6,"minecraft:crafting_table":1,"minecraft:spruce_planks":316,"farmersdelight:iron_knife":1,"pfm:dark_oak_black_classic_bed":1,"minecraft:wooden_pickaxe":1,"minecraft:iron_helmet":1,"minecraft:copper_ingot":369,"butchersdelight:cleaver":1,"minecraft:birch_planks":68,"comforts:sleeping_bag_black":1,"farmersdelight:organic_compost":4,"sophisticatedbackpacks:upgrade_base":1,"pfm:working_table":1,"farmersdelight:cutting_board":1,"farmersdelight:fried_egg":77,"minecraft:spruce_trapdoor":2,"minecraft:paper":45,"minecraft:iron_chestplate":1,"minecraft:lectern":3,"minecraft:book":6,"minecraft:string":36,"minecraft:dark_oak_slab":456,"exlinefurniture:dark_oak_log_table":1,"minecraft:charcoal":46,"pfm:dark_oak_white_classic_bed":1,"minecraft:birch_fence":6,"minecraft:stick":256,"minecraft:iron_ingot":231,"minecraft:iron_pickaxe":6,"minecraft:stone_sword":1,"minecraft:gold_ingot":62,"minecraft:black_bed":1,"minecraft:dark_oak_fence_gate":3,"animal_feeding_trough:feeding_trough":3,"minecraft:shears":2,"storagedrawers:dark_oak_full_drawers_4":4,"minecraft:redstone":34,"minecraft:stone_shovel":13,"ava:fibre":12,"minecraft:iron_nugget":18,"pfm:dark_oak_simple_bunk_ladder":4,"pfm:dark_oak_herringbone_planks":424,"storagedrawers:spruce_full_drawers_4":20,"minecraft:furnace":5,"minecraft:blast_furnace":2,"minecraft:bone_meal":213,"minecraft:glass_pane":48,"ava:plastic":10,"minecraft:blue_ice":1,"minecraft:dark_oak_fence":6,"minecraft:leather":19,"minecraft:spruce_slab":6,"minecraft:stone_pickaxe":18,"minecraft:dark_oak_planks":308,"minecraft:wheat":241,"sophisticatedbackpacks:iron_backpack":2,"minecraft:cooked_beef":37,"giacomos_fishing_net:fishing_net":1,"vc_gliders:reinforced_paper":3,"elevatorid:elevator_brown":4,"butchersdelight:hook":2,"minecraft:iron_sword":1,"minecraft:ice":4,"minecraft:bucket":2,"vc_gliders:paraglider_wood":1,"minecraft:stone_axe":9,"minecraft:enchanted_book":3,"minecraft:air":0,"cfm:dark_oak_blinds":12,"minecraft:wooden_axe":1,"minecraft:iron_leggings":1,"minecraft:white_bed":2,"minecraft:torch":64},"minecraft:custom":{"minecraft:interact_with_crafting_table":185,"minecraft:open_barrel":3,"minecraft:leave_game":7,"minecraft:time_since_death":836419,"minecraft:sprint_one_cm":2745492,"minecraft:damage_blocked_by_shield":890,"minecraft:drop":472,"minecraft:talked_to_villager":107,"minecraft:play_time":1680415,"minecraft:deaths":12,"minecraft:jump":7446,"minecraft:walk_on_water_one_cm":102964,"minecraft:interact_with_furnace":390,"minecraft:traded_with_villager":93,"minecraft:sleep_in_bed":105,"minecraft:waystone_activated":3,"minecraft:damage_dealt":52862,"minecraft:player_kills":1,"minecraft:crouch_one_cm":24525,"minecraft:interact_with_smoker":9,"minecraft:horse_one_cm":1055771,"minecraft:mob_kills":334,"minecraft:damage_dealt_resisted":8,"minecraft:climb_one_cm":3032,"minecraft:walk_one_cm":1167263,"minecraft:damage_dealt_absorbed":66,"minecraft:raid_win":1,"minecraft:sneak_time":20436,"minecraft:walk_under_water_one_cm":76627,"minecraft:boat_one_cm":757908,"minecraft:interact_with_blast_furnace":37,"minecraft:total_world_time":1680415,"minecraft:raid_trigger":1,"minecraft:time_since_rest":83904,"minecraft:damage_taken":5870,"minecraft:swim_one_cm":200678,"minecraft:freezer_opened":25,"minecraft:fly_one_cm":1416393,"minecraft:open_chest":485,"minecraft:fall_one_cm":230858},"minecraft:killed":{"minecraft:spider":4,"minecraft:skeleton":245,"ava:blue_robot":2,"minecraft:zombie_villager":1,"minecraft:salmon":1,"minecraft:creeper":8,"minecraft:sheep":15,"minecraft:pillager":7,"minecraft:zombie":29,"alexsmobs:fly":7,"minecraft:vindicator":1,"minecraft:drowned":1},"minecraft:dropped":{"sophisticatedbackpacks:iron_backpack":3,"minecraft:iron_sword":1,"butchersdelight:dead_cow":1,"minecraft:lapis_lazuli":110,"minecraft:cooked_beef":3,"minecraft:diamond":5,"minecraft:cooked_porkchop":11,"exlinefurniture:spruce_log_table":1,"minecraft:leather":13,"minecraft:saddle":1,"artifacts:universal_attractor":1,"minecraft:emerald":66,"minecraft:dirt":1,"minecraft:dark_oak_log":9,"minecraft:snowball":18,"minecraft:iron_pickaxe":3,"minecraft:dark_oak_planks":33,"minecraft:white_wool":3,"minecraft:bone":47,"minecraft:gold_ingot":7,"minecraft:stone_axe":3,"storagedrawers:spruce_full_drawers_4":20,"butchersdelight:deadsheep":4,"butchersdelight:cleaver":2,"minecraft:rotten_flesh":2,"artifacts:villager_hat":1,"minecraft:cooked_mutton":1,"minecraft:white_bed":1,"minecraft:carrot":8,"ava:colt_saa":1,"vc_gliders:paraglider_wood":3,"minecraft:chest":6,"farmersdelight:rope":64,"comforts:sleeping_bag_white":2,"minecraft:arrow":48,"minecraft:oak_leaves":21,"minecraft:lectern":2,"minecraft:iron_ingot":8,"minecraft:birch_leaves":16,"minecraft:wheat_seeds":5,"storagedrawers:dark_oak_full_drawers_4":4,"elevatorid:elevator_brown":1,"minecraft:iron_helmet":2,"minecraft:cobblestone":61,"minecraft:book":3,"minecraft:coal":114,"minecraft:stick":59,"minecraft:lava_bucket":2,"butchersdelight:skullcow":1,"minecraft:milk_bucket":2,"minecraft:iron_leggings":1,"minecraft:string":4,"farmersdelight:rich_soil":3,"butchersdelight:deadchiken":1,"minecraft:bricks":159,"butchersdelight:deadllama":2,"minecraft:raw_copper":283,"minecraft:raw_iron":2,"minecraft:stone_shovel":2,"minecraft:clay_ball":420,"sophisticatedbackpacks:backpack":1,"cfm:dark_oak_upgraded_fence":341,"minecraft:shears":4,"minecraft:iron_chestplate":1,"minecraft:spruce_log":30,"pfm:furniture_book":1,"minecraft:bow":1,"minecraft:stone_pickaxe":7,"minecraft:magma_block":18,"pfm:dark_oak_herringbone_planks":125,"cfm:dark_oak_upgraded_gate":4,"ava:work_hardened_iron":14,"minecraft:brick":2},"minecraft:used":{"minecraft:chest":7,"comforts:sleeping_bag_yellow":72,"minecraft:shield":36,"butchersdelight:hook":2,"minecraft:iron_sword":250,"minecraft:rotten_flesh":2,"minecraft:iron_chestplate":2,"cfm:dark_oak_upgraded_gate":3,"pfm:dark_oak_black_classic_bed":2,"minecraft:spruce_boat":1,"cfm:dark_oak_upgraded_fence":56,"minecraft:bricks":7,"minecraft:iron_helmet":2,"pfm:dark_oak_simple_bunk_ladder":5,"delightful:green_tea_leaf":2,"farmersdelight:cutting_board":3,"minecraft:bow":208,"minecraft:hay_block":1,"minecraft:furnace":9,"minecraft:beetroot_seeds":1,"minecraft:dark_oak_sapling":15,"elevatorid:elevator_brown":1,"pfm:iron_freezer":1,"minecraft:stone_pickaxe":2853,"minecraft:wooden_pickaxe":59,"farmersdelight:organic_compost":20,"butchersdelight:skullcow":3,"giacomos_fishing_net:fishing_net":1,"minecraft:blast_furnace":3,"minecraft:shears":139,"minecraft:birch_fence":4,"waystones:waystone":1,"minecraft:dark_oak_log":1,"minecraft:birch_slab":4,"minecraft:bread":25,"pfm:working_table":1,"minecraft:lectern":28,"minecraft:gravel":1,"pfm:dark_oak_white_classic_bed":1,"pfm:dark_oak_herringbone_planks":194,"minecraft:andesite":10,"minecraft:air":1,"minecraft:bone_meal":24,"delightful:acorn":2,"minecraft:cobweb":1,"minecraft:stone_sword":157,"minecraft:stone_shovel":1452,"farmersdelight:rich_soil":21,"minecraft:stone_hoe":8,"minecraft:torch":157,"minecraft:brewing_stand":1,"minecraft:dirt":1283,"minecraft:white_carpet":1,"minecraft:dark_oak_planks":28,"minecraft:wooden_axe":54,"minecraft:iron_boots":1,"minecraft:cooked_beef":18,"minecraft:cobbled_deepslate":16,"minecraft:pointed_dripstone":2,"farmersdelight:fried_egg":49,"minecraft:iron_leggings":2,"minecraft:cooked_mutton":21,"minecraft:wheat_seeds":1,"farmersdelight:iron_knife":829,"minecraft:water_bucket":5,"comforts:sleeping_bag_black":2,"minecraft:glass_bottle":37,"minecraft:brown_mushroom":8,"cfm:dark_oak_blinds":12,"minecraft:cobblestone_slab":2,"animal_feeding_trough:feeding_trough":4,"delightful:salmonberries":1,"farmersdelight:onion":1,"minecraft:crafting_table":11,"minecraft:red_mushroom":9,"minecraft:white_bed":4,"minecraft:spruce_log":3,"minecraft:dark_oak_door":2,"exlinefurniture:spruce_log_table":1,"minecraft:apple":13,"ava:ammo_kit_supplier":1,"minecraft:iron_pickaxe":1385,"minecraft:spruce_sapling":24,"exlinefurniture:dark_oak_log_table":1,"minecraft:stone_axe":710,"minecraft:pink_petals":11,"minecraft:cobblestone":188,"minecraft:potion":1,"minecraft:cooked_porkchop":6,"minecraft:bucket":14,"minecraft:glass_pane":12,"alexsmobs:animal_dictionary":1,"butchersdelight:rack":1},"minecraft:picked_up":{"minecraft:wheat":19,"artifacts:bunny_hoppers":2,"minecraft:brewing_stand":1,"farmersdelight:cutting_board":2,"minecraft:string":24,"minecraft:raw_copper":983,"butchersdelight:cleaver":2,"minecraft:beetroot":1,"comforts:sleeping_bag_black":2,"minecraft:cobbled_deepslate":662,"minecraft:bucket":1,"comforts:sleeping_bag_white":2,"minecraft:spruce_planks":188,"delightful:acorn":7,"minecraft:cobblestone_slab":7,"minecraft:iron_pickaxe":1,"delightful:green_tea_leaf":12,"farmersdelight:cabbage_seeds":1,"minecraft:furnace":7,"minecraft:stick":81,"artifacts:universal_attractor":1,"minecraft:torch":120,"ava:work_hardened_iron":14,"minecraft:pointed_dripstone":39,"minecraft:diorite":63,"farmersdelight:fried_egg":15,"minecraft:rotten_flesh":47,"animal_feeding_trough:feeding_trough":1,"farmersdelight:onion":1,"farmersdelight:tree_bark":110,"minecraft:bookshelf":2,"comforts:sleeping_bag_yellow":73,"ava:packed_gunpowder":2,"minecraft:snowball":205,"minecraft:cobblestone":1670,"minecraft:birch_log":5,"minecraft:pink_petals":11,"minecraft:magma_block":18,"minecraft:feather":6,"minecraft:birch_slab":4,"minecraft:andesite":105,"minecraft:brown_wool":35,"minecraft:potato":1,"butchersdelight:deadpig":9,"minecraft:flint":6,"delightful:cantaloupe":3,"minecraft:tuff":46,"butchersdelight:goat_fur":1,"minecraft:lapis_lazuli":230,"minecraft:dirt":1426,"minecraft:leather_boots":1,"minecraft:glass":9,"minecraft:bone":316,"minecraft:bow":21,"minecraft:wheat_seeds":138,"minecraft:raw_gold":73,"vc_gliders:paraglider_wood":2,"minecraft:cooked_porkchop":1,"butchersdelight:skullcow":13,"butchersdelight:cow_hide":15,"minecraft:sand":181,"minecraft:stripped_spruce_log":110,"sophisticatedbackpacks:iron_backpack":4,"minecraft:ink_sac":2,"minecraft:dark_oak_log":588,"minecraft:mossy_cobblestone":6,"exlinefurniture:spruce_log_table":2,"minecraft:diamond":77,"minecraft:spruce_boat":1,"artifacts:crystal_heart":1,"waystones:waystone":1,"minecraft:granite":98,"butchersdelight:deadllama":2,"minecraft:emerald":42,"alexsmobs:maggot":6,"pfm:furniture_book":1,"minecraft:oak_sapling":15,"minecraft:netherrack":7,"minecraft:bricks":8,"minecraft:oak_leaves":91,"minecraft:mud":1,"minecraft:charcoal":111,"minecraft:crafting_table":10,"minecraft:allium":1,"minecraft:azure_bluet":1,"minecraft:chicken":3,"minecraft:clay_ball":1649,"minecraft:leather_leggings":2,"minecraft:brown_mushroom":32,"pfm:dark_oak_herringbone_planks":16,"gravestone:obituary":2,"pfm:dark_oak_simple_bunk_ladder":3,"minecraft:brick":5,"minecraft:shield":1,"minecraft:white_carpet":1,"minecraft:birch_fence":4,"butchersdelight:dead_cow":13,"minecraft:beef":48,"farmersdelight:straw":189,"minecraft:light_gray_wool":2,"minecraft:lectern":27,"minecraft:sugar_cane":66,"minecraft:chest":6,"minecraft:egg":97,"minecraft:dark_oak_sapling":34,"minecraft:raw_iron":478,"minecraft:copper_ingot":1,"sophisticatedbackpacks:backpack":1,"farmersdelight:tomato_seeds":3,"minecraft:carrot":21,"minecraft:redstone":29,"minecraft:dark_oak_planks":204,"butchersdelight:deadsheep":15,"minecraft:arrow":270,"minecraft:stone_shovel":1,"minecraft:beetroot_seeds":3,"minecraft:shears":2,"minecraft:hay_block":27,"minecraft:saddle":2,"minecraft:mutton":15,"minecraft:white_wool":38,"cfm:dark_oak_upgraded_fence":147,"farmersdelight:rich_soil":15,"minecraft:birch_leaves":42,"minecraft:leather":85,"minecraft:red_mushroom":32,"cfm:dark_oak_upgraded_gate":1,"pfm:dark_oak_black_classic_bed":1,"minecraft:oak_log":26,"minecraft:gunpowder":12,"farmersdelight:organic_compost":9,"butchersdelight:deadchiken":5,"minecraft:cooked_mutton":9,"minecraft:apple":5,"minecraft:iron_ingot":4,"minecraft:stone_pickaxe":6,"minecraft:cobweb":1,"ava:colt_saa":1,"minecraft:iron_sword":1,"minecraft:book":3,"minecraft:milk_bucket":1,"minecraft:pumpkin":7,"minecraft:dandelion":3,"minecraft:dripstone_block":27,"minecraft:gravel":76,"minecraft:lava_bucket":1,"minecraft:spruce_sapling":43,"minecraft:blast_furnace":1,"delightful:salmonberries":7,"minecraft:white_bed":3,"minecraft:spruce_log":113,"minecraft:spider_eye":2,"butchersdelight:sheephide":7,"minecraft:stone_axe":1,"minecraft:iron_helmet":1,"minecraft:gray_wool":2,"minecraft:melon_seeds":1,"minecraft:black_wool":1,"minecraft:coal":893,"minecraft:ender_pearl":4},"minecraft:killed_by":{"minecraft:vindicator":2,"minecraft:zombie":4,"minecraft:skeleton":1},"minecraft:mined":{"minecraft:white_bed":3,"farmersdelight:rich_soil":12,"minecraft:granite":98,"minecraft:grass_block":503,"minecraft:tall_seagrass":2,"minecraft:magma_block":11,"minecraft:iron_ore":383,"minecraft:cobbled_deepslate":1,"minecraft:pumpkin":7,"minecraft:deepslate_lapis_ore":8,"minecraft:pointed_dripstone":15,"minecraft:dirt_path":1,"farmersdelight:rich_soil_farmland":1,"minecraft:deepslate_redstone_ore":6,"minecraft:brown_mushroom":2,"farmersdelight:organic_compost":2,"minecraft:powder_snow":14,"minecraft:clay":198,"cfm:dark_oak_upgraded_gate":1,"minecraft:torch":52,"minecraft:blast_furnace":1,"minecraft:chest":3,"minecraft:dead_bush":3,"farmersdelight:brown_mushroom_colony":5,"farmersdelight:cabbages":1,"minecraft:cobblestone":7,"minecraft:sugar_cane":10,"minecraft:wall_torch":57,"minecraft:pink_petals":4,"minecraft:seagrass":2,"delightful:cantaloupe":3,"minecraft:wheat":1,"minecraft:mud":1,"minecraft:birch_log":5,"farmersdelight:cutting_board":2,"minecraft:grass":833,"minecraft:oak_log":26,"minecraft:beetroots":1,"minecraft:dirt":432,"minecraft:sand":181,"minecraft:netherrack":7,"minecraft:oak_leaves":114,"minecraft:deepslate":636,"minecraft:tuff":46,"pfm:dark_oak_simple_bunk_ladder":3,"pfm:dark_oak_herringbone_planks":4,"minecraft:deepslate_diamond_ore":69,"minecraft:dark_oak_log":282,"gravestone:gravestone":12,"minecraft:birch_slab":4,"minecraft:spruce_leaves":13,"minecraft:red_mushroom":1,"animal_feeding_trough:feeding_trough":1,"farmersdelight:red_mushroom_colony":6,"minecraft:hay_block":14,"minecraft:large_fern":7,"farmersdelight:wild_onions":1,"minecraft:spruce_sapling":3,"minecraft:furnace":7,"cfm:dark_oak_upgraded_fence":10,"minecraft:snow":20,"minecraft:andesite":105,"pfm:dark_oak_black_classic_bed":1,"minecraft:deepslate_iron_ore":95,"butchersdelight:skullcow":1,"minecraft:stone":1569,"minecraft:snow_block":49,"minecraft:crafting_table":11,"minecraft:emerald_ore":2,"minecraft:campfire":1,"minecraft:lectern":27,"minecraft:copper_ore":191,"minecraft:tall_grass":52,"minecraft:deepslate_gold_ore":74,"minecraft:lapis_ore":19,"delightful:wild_salmonberries":6,"minecraft:diorite":63,"minecraft:spruce_log":105,"minecraft:birch_leaves":47,"minecraft:coal_ore":807,"minecraft:gravel":82,"minecraft:dripstone_block":27,"minecraft:cobweb":1,"minecraft:birch_fence":4,"minecraft:fern":4},"minecraft:broken":{"minecraft:stone_pickaxe":21,"minecraft:stone_axe":4,"minecraft:iron_sword":1,"minecraft:bow":1,"minecraft:stone_shovel":10,"minecraft:stone_sword":1,"minecraft:wooden_pickaxe":1,"minecraft:iron_pickaxe":5}},"DataVersion":3465}