{"stats":{"minecraft:killed":{"minecraft:skeleton":2,"minecraft:salmon":1,"minecraft:sheep":13,"minecraft:pillager":7,"minecraft:zombie":4,"minecraft:vindicator":1,"minecraft:drowned":1},"minecraft:picked_up":{"toughasnails:leaf_leggings":1,"minecraft:wheat":2,"artifacts:bunny_hoppers":2,"minecraft:brewing_stand":1,"farmersdelight:cutting_board":1,"minecraft:string":13,"minecraft:raw_copper":65,"butchersdelight:cleaver":2,"minecraft:beetroot":1,"comforts:sleeping_bag_black":2,"comforts:sleeping_bag_white":1,"delightful:acorn":5,"delightful:green_tea_leaf":6,"farmersdelight:cabbage_seeds":1,"minecraft:furnace":3,"minecraft:stick":28,"minecraft:torch":60,"minecraft:pointed_dripstone":12,"minecraft:diorite":2,"minecraft:rotten_flesh":14,"animal_feeding_trough:feeding_trough":1,"farmersdelight:onion":1,"comforts:sleeping_bag_yellow":46,"minecraft:cobblestone":391,"minecraft:birch_log":5,"minecraft:feather":2,"minecraft:birch_slab":4,"minecraft:andesite":16,"minecraft:brown_wool":3,"minecraft:flint":2,"butchersdelight:deadpig":9,"delightful:cantaloupe":3,"butchersdelight:goat_fur":1,"minecraft:lapis_lazuli":72,"minecraft:dirt":1335,"minecraft:glass":9,"minecraft:bone":14,"minecraft:bow":1,"minecraft:wheat_seeds":108,"butchersdelight:skullcow":5,"butchersdelight:cow_hide":7,"minecraft:sand":181,"sophisticatedbackpacks:iron_backpack":2,"minecraft:ink_sac":2,"minecraft:dark_oak_log":412,"exlinefurniture:spruce_log_table":1,"toughasnails:water_purifier":1,"minecraft:spruce_boat":1,"minecraft:granite":10,"butchersdelight:deadllama":2,"pfm:furniture_book":1,"minecraft:oak_sapling":15,"minecraft:bricks":8,"minecraft:oak_leaves":91,"minecraft:charcoal":50,"minecraft:mud":1,"minecraft:crafting_table":6,"minecraft:allium":1,"minecraft:azure_bluet":1,"minecraft:chicken":1,"minecraft:clay_ball":1649,"minecraft:leather_leggings":1,"minecraft:brown_mushroom":7,"pfm:dark_oak_herringbone_planks":2,"gravestone:obituary":1,"pfm:dark_oak_simple_bunk_ladder":3,"minecraft:shield":1,"minecraft:brick":5,"minecraft:white_carpet":1,"minecraft:birch_fence":4,"butchersdelight:dead_cow":7,"minecraft:beef":16,"farmersdelight:straw":137,"minecraft:light_gray_wool":2,"minecraft:sugar_cane":9,"minecraft:chest":2,"minecraft:egg":8,"minecraft:dark_oak_sapling":10,"minecraft:raw_iron":63,"minecraft:copper_ingot":1,"sophisticatedbackpacks:backpack":1,"farmersdelight:tomato_seeds":3,"minecraft:carrot":16,"minecraft:dark_oak_planks":4,"toughasnails:empty_canteen":1,"minecraft:arrow":7,"butchersdelight:deadsheep":13,"minecraft:stone_shovel":1,"minecraft:beetroot_seeds":3,"minecraft:shears":1,"minecraft:hay_block":14,"minecraft:saddle":2,"minecraft:mutton":15,"cfm:dark_oak_upgraded_fence":139,"minecraft:white_wool":25,"minecraft:birch_leaves":42,"farmersdelight:rich_soil":3,"minecraft:leather":47,"minecraft:red_mushroom":1,"cfm:dark_oak_upgraded_gate":1,"pfm:dark_oak_black_classic_bed":1,"minecraft:oak_log":26,"minecraft:cooked_mutton":9,"butchersdelight:deadchiken":2,"farmersdelight:organic_compost":6,"minecraft:apple":3,"minecraft:iron_ingot":1,"minecraft:stone_pickaxe":6,"minecraft:milk_bucket":1,"minecraft:pumpkin":7,"minecraft:dandelion":3,"minecraft:dripstone_block":12,"minecraft:gravel":20,"minecraft:spruce_sapling":14,"delightful:salmonberries":7,"minecraft:white_bed":2,"minecraft:spruce_log":38,"butchersdelight:sheephide":7,"minecraft:stone_axe":1,"minecraft:gray_wool":2,"minecraft:melon_seeds":1,"minecraft:black_wool":1,"minecraft:coal":367},"minecraft:dropped":{"sophisticatedbackpacks:iron_backpack":1,"butchersdelight:dead_cow":1,"minecraft:cooked_beef":3,"minecraft:cooked_porkchop":4,"minecraft:leather":13,"minecraft:saddle":1,"minecraft:dark_oak_log":9,"minecraft:white_wool":3,"minecraft:bone":1,"minecraft:stone_axe":3,"butchersdelight:deadsheep":4,"butchersdelight:cleaver":2,"artifacts:villager_hat":1,"minecraft:cooked_mutton":1,"farmersdelight:rope":64,"comforts:sleeping_bag_white":1,"minecraft:oak_leaves":21,"minecraft:birch_leaves":16,"minecraft:cobblestone":61,"minecraft:coal":114,"minecraft:stick":7,"butchersdelight:skullcow":1,"minecraft:milk_bucket":2,"toughasnails:leaf_boots":1,"toughasnails:leaf_helmet":1,"toughasnails:leaf_leggings":1,"minecraft:string":4,"farmersdelight:rich_soil":3,"butchersdelight:deadchiken":1,"minecraft:bricks":159,"toughasnails:empty_canteen":1,"toughasnails:leaf_chestplate":1,"butchersdelight:deadllama":2,"minecraft:raw_iron":2,"minecraft:stone_shovel":2,"minecraft:clay_ball":420,"sophisticatedbackpacks:backpack":1,"cfm:dark_oak_upgraded_fence":328,"minecraft:shears":2,"toughasnails:wool_leggings":1,"minecraft:spruce_log":30,"pfm:furniture_book":1,"minecraft:stone_pickaxe":7,"pfm:dark_oak_herringbone_planks":1,"cfm:dark_oak_upgraded_gate":4,"minecraft:brick":2},"minecraft:used":{"minecraft:shield":17,"minecraft:chest":5,"comforts:sleeping_bag_yellow":45,"butchersdelight:hook":2,"minecraft:rotten_flesh":2,"minecraft:iron_chestplate":1,"cfm:dark_oak_upgraded_gate":3,"pfm:dark_oak_black_classic_bed":2,"minecraft:spruce_boat":1,"cfm:dark_oak_upgraded_fence":8,"minecraft:bricks":7,"minecraft:iron_helmet":1,"pfm:dark_oak_simple_bunk_ladder":5,"delightful:green_tea_leaf":2,"farmersdelight:cutting_board":2,"minecraft:bow":8,"minecraft:hay_block":1,"minecraft:furnace":6,"minecraft:beetroot_seeds":1,"minecraft:dark_oak_sapling":1,"minecraft:stone_pickaxe":756,"minecraft:wooden_pickaxe":59,"butchersdelight:skullcow":3,"giacomos_fishing_net:fishing_net":1,"minecraft:shears":138,"minecraft:birch_fence":4,"pfm:working_table":1,"minecraft:birch_slab":4,"minecraft:bread":25,"minecraft:gravel":1,"pfm:dark_oak_white_classic_bed":1,"pfm:dark_oak_herringbone_planks":160,"minecraft:andesite":10,"minecraft:air":1,"delightful:acorn":2,"minecraft:stone_sword":49,"toughasnails:water_purifier":2,"minecraft:stone_shovel":1290,"minecraft:stone_hoe":8,"minecraft:torch":78,"minecraft:dirt":1279,"minecraft:white_carpet":1,"toughasnails:empty_canteen":12,"minecraft:wooden_axe":54,"minecraft:cooked_beef":18,"minecraft:iron_leggings":1,"minecraft:pointed_dripstone":2,"minecraft:wheat_seeds":1,"minecraft:cooked_mutton":10,"farmersdelight:iron_knife":618,"minecraft:water_bucket":2,"toughasnails:leaf_leggings":1,"minecraft:glass_bottle":37,"comforts:sleeping_bag_black":2,"cfm:dark_oak_blinds":12,"animal_feeding_trough:feeding_trough":4,"delightful:salmonberries":1,"farmersdelight:onion":1,"minecraft:crafting_table":8,"minecraft:white_bed":4,"minecraft:dark_oak_door":2,"exlinefurniture:spruce_log_table":1,"minecraft:apple":13,"ava:ammo_kit_supplier":1,"toughasnails:leaf_chestplate":1,"minecraft:stone_axe":333,"minecraft:cobblestone":7,"minecraft:potion":1,"toughasnails:purified_water_bottle":29,"toughasnails:purified_water_canteen":59,"minecraft:bucket":2,"minecraft:glass_pane":12,"butchersdelight:rack":1},"minecraft:killed_by":{"minecraft:vindicator":2,"minecraft:zombie":4,"minecraft:skeleton":1},"minecraft:crafted":{"minecraft:brick":817,"minecraft:black_dye":1,"minecraft:oak_planks":12,"cfm:dark_oak_upgraded_fence":264,"minecraft:cooked_chicken":1,"giacomos_fishing_net:fishing_meal":2,"minecraft:birch_slab":6,"farmersdelight:rope":180,"toughasnails:leaf_leggings":4,"minecraft:cooked_mutton":15,"butchersdelight:rack":1,"minecraft:dark_oak_door":3,"minecraft:glass":69,"minecraft:chest":5,"toughasnails:leaf_helmet":4,"minecraft:bricks":158,"minecraft:stone_hoe":1,"minecraft:glass_bottle":9,"toughasnails:leaf_boots":4,"minecraft:emerald":16,"sophisticatedbackpacks:backpack":2,"minecraft:cooked_porkchop":4,"cfm:dark_oak_upgraded_gate":6,"minecraft:crafting_table":1,"minecraft:spruce_planks":100,"farmersdelight:iron_knife":1,"minecraft:wooden_pickaxe":1,"pfm:dark_oak_black_classic_bed":1,"minecraft:copper_ingot":40,"toughasnails:wool_leggings":1,"butchersdelight:cleaver":1,"minecraft:birch_planks":68,"comforts:sleeping_bag_black":1,"pfm:working_table":1,"farmersdelight:cutting_board":1,"minecraft:string":12,"minecraft:dark_oak_slab":198,"minecraft:charcoal":46,"toughasnails:water_purifier":1,"pfm:dark_oak_white_classic_bed":1,"minecraft:birch_fence":6,"minecraft:stick":224,"minecraft:iron_ingot":55,"minecraft:stone_sword":1,"minecraft:black_bed":1,"minecraft:dark_oak_fence_gate":3,"animal_feeding_trough:feeding_trough":3,"minecraft:shears":1,"toughasnails:empty_canteen":2,"minecraft:stone_shovel":12,"minecraft:iron_nugget":18,"pfm:dark_oak_simple_bunk_ladder":4,"pfm:dark_oak_herringbone_planks":172,"minecraft:furnace":3,"minecraft:glass_pane":48,"minecraft:dark_oak_fence":6,"minecraft:stone_pickaxe":7,"minecraft:dark_oak_planks":196,"sophisticatedbackpacks:iron_backpack":2,"minecraft:cooked_beef":21,"giacomos_fishing_net:fishing_net":1,"butchersdelight:hook":2,"toughasnails:leaf_chestplate":4,"minecraft:bucket":1,"minecraft:stone_axe":5,"minecraft:air":0,"cfm:dark_oak_blinds":12,"minecraft:wooden_axe":1,"minecraft:white_bed":2,"minecraft:torch":36},"minecraft:broken":{"toughasnails:leaf_boots":2,"toughasnails:leaf_chestplate":2,"minecraft:stone_pickaxe":5,"minecraft:stone_shovel":9,"toughasnails:leaf_leggings":2,"minecraft:wooden_pickaxe":1,"toughasnails:purified_water_canteen":10,"toughasnails:leaf_helmet":2},"minecraft:custom":{"minecraft:interact_with_crafting_table":106,"minecraft:open_barrel":1,"minecraft:leave_game":5,"minecraft:time_since_death":41903,"minecraft:sprint_one_cm":1541635,"minecraft:damage_blocked_by_shield":425,"minecraft:drop":246,"minecraft:talked_to_villager":16,"minecraft:play_time":885899,"minecraft:deaths":12,"minecraft:jump":4845,"minecraft:walk_on_water_one_cm":78832,"minecraft:interact_with_furnace":300,"minecraft:traded_with_villager":16,"minecraft:sleep_in_bed":66,"minecraft:waystone_activated":2,"minecraft:damage_dealt":5897,"minecraft:crouch_one_cm":5028,"minecraft:horse_one_cm":1055771,"minecraft:mob_kills":31,"minecraft:damage_dealt_resisted":8,"minecraft:climb_one_cm":2354,"minecraft:walk_one_cm":602568,"minecraft:damage_dealt_absorbed":66,"minecraft:raid_win":1,"minecraft:sneak_time":5890,"minecraft:walk_under_water_one_cm":74669,"minecraft:boat_one_cm":757908,"minecraft:total_world_time":885899,"minecraft:raid_trigger":1,"minecraft:time_since_rest":2559,"minecraft:damage_taken":4572,"minecraft:swim_one_cm":167218,"minecraft:fly_one_cm":962269,"minecraft:open_chest":263,"minecraft:fall_one_cm":149079},"minecraft:mined":{"minecraft:white_bed":2,"minecraft:granite":10,"minecraft:grass_block":462,"minecraft:tall_seagrass":2,"minecraft:iron_ore":60,"minecraft:pumpkin":7,"minecraft:pointed_dripstone":4,"minecraft:dirt_path":1,"farmersdelight:rich_soil_farmland":1,"minecraft:brown_mushroom":2,"cfm:dark_oak_upgraded_gate":1,"minecraft:clay":198,"minecraft:torch":42,"minecraft:chest":2,"minecraft:dead_bush":3,"farmersdelight:cabbages":1,"minecraft:cobblestone":1,"minecraft:wall_torch":14,"minecraft:seagrass":2,"minecraft:birch_log":5,"minecraft:mud":1,"delightful:cantaloupe":3,"farmersdelight:cutting_board":1,"minecraft:wheat":1,"minecraft:grass":620,"minecraft:oak_log":26,"minecraft:beetroots":1,"minecraft:sand":181,"minecraft:dirt":422,"minecraft:oak_leaves":114,"pfm:dark_oak_simple_bunk_ladder":3,"pfm:dark_oak_herringbone_planks":2,"minecraft:dark_oak_log":106,"gravestone:gravestone":12,"minecraft:birch_slab":4,"minecraft:spruce_leaves":2,"minecraft:red_mushroom":1,"animal_feeding_trough:feeding_trough":1,"minecraft:large_fern":7,"minecraft:hay_block":14,"farmersdelight:wild_onions":1,"minecraft:furnace":3,"cfm:dark_oak_upgraded_fence":6,"minecraft:andesite":16,"pfm:dark_oak_black_classic_bed":1,"butchersdelight:skullcow":1,"minecraft:stone":389,"toughasnails:water_purifier":1,"minecraft:crafting_table":6,"minecraft:campfire":1,"minecraft:copper_ore":18,"minecraft:tall_grass":52,"minecraft:lapis_ore":11,"delightful:wild_salmonberries":6,"minecraft:diorite":2,"minecraft:spruce_log":30,"minecraft:birch_leaves":47,"minecraft:coal_ore":281,"minecraft:gravel":22,"minecraft:dripstone_block":12,"minecraft:birch_fence":4,"minecraft:fern":4}},"DataVersion":3465}