{"stats":{"minecraft:used":{"farmersdelight:iron_knife":1,"minecraft:wheat_seeds":1,"toughasnails:water_purifier":1,"minecraft:stone_shovel":22,"minecraft:glass_bottle":17,"comforts:sleeping_bag_black":2,"minecraft:stone_pickaxe":393,"minecraft:chest":1,"minecraft:wooden_pickaxe":59,"comforts:sleeping_bag_yellow":9,"minecraft:rotten_flesh":2,"minecraft:torch":23,"minecraft:crafting_table":4,"minecraft:white_bed":2,"minecraft:wooden_axe":54,"minecraft:apple":3,"ava:ammo_kit_supplier":1,"minecraft:bread":7,"minecraft:stone_axe":10,"delightful:green_tea_leaf":2,"minecraft:cobblestone":3,"minecraft:bow":1,"toughasnails:purified_water_bottle":10,"minecraft:beetroot_seeds":1,"minecraft:andesite":10,"delightful:acorn":2},"minecraft:mined":{"minecraft:brown_mushroom":2,"minecraft:crafting_table":3,"minecraft:granite":9,"minecraft:torch":13,"gravestone:gravestone":9,"minecraft:tall_grass":1,"minecraft:copper_ore":11,"minecraft:cobblestone":1,"minecraft:spruce_leaves":1,"minecraft:lapis_ore":6,"minecraft:wall_torch":3,"minecraft:large_fern":4,"minecraft:iron_ore":49,"minecraft:wheat":1,"minecraft:spruce_log":30,"minecraft:andesite":16,"minecraft:grass":17,"minecraft:coal_ore":56,"minecraft:beetroots":1,"minecraft:dirt":1,"minecraft:gravel":21,"minecraft:sand":2,"minecraft:stone":304,"minecraft:fern":4},"minecraft:killed_by":{"minecraft:skeleton":1,"minecraft:zombie":4},"minecraft:killed":{"minecraft:salmon":1,"minecraft:sheep":4,"minecraft:skeleton":1,"minecraft:zombie":4,"minecraft:drowned":1},"minecraft:custom":{"minecraft:interact_with_furnace":15,"minecraft:mob_kills":13,"minecraft:interact_with_crafting_table":17,"minecraft:damage_dealt_resisted":8,"minecraft:leave_game":1,"minecraft:time_since_death":99884,"minecraft:sleep_in_bed":13,"minecraft:time_since_rest":1091,"minecraft:waystone_activated":1,"minecraft:sprint_one_cm":241336,"minecraft:damage_taken":2642,"minecraft:walk_one_cm":107302,"minecraft:drop":26,"minecraft:damage_dealt":1491,"minecraft:damage_dealt_absorbed":66,"minecraft:swim_one_cm":6012,"minecraft:fly_one_cm":187661,"minecraft:open_chest":8,"minecraft:crouch_one_cm":377,"minecraft:play_time":172297,"minecraft:deaths":9,"minecraft:sneak_time":432,"minecraft:walk_under_water_one_cm":7188,"minecraft:boat_one_cm":40231,"minecraft:jump":1042,"minecraft:walk_on_water_one_cm":17036,"minecraft:total_world_time":172297,"minecraft:fall_one_cm":17053},"minecraft:dropped":{"butchersdelight:deadchiken":1,"butchersdelight:deadsheep":4,"minecraft:raw_iron":2,"minecraft:coal":32,"comforts:sleeping_bag_white":1,"minecraft:white_wool":3},"minecraft:crafted":{"minecraft:glass_bottle":9,"minecraft:stone_shovel":1,"minecraft:crafting_table":1,"minecraft:spruce_planks":36,"farmersdelight:iron_knife":1,"minecraft:wooden_pickaxe":1,"comforts:sleeping_bag_black":1,"minecraft:stone_axe":1,"minecraft:air":0,"minecraft:glass":5,"minecraft:charcoal":7,"toughasnails:water_purifier":1,"minecraft:stick":24,"minecraft:iron_ingot":10,"minecraft:stone_pickaxe":3,"minecraft:wooden_axe":1,"minecraft:chest":1,"minecraft:torch":16},"minecraft:broken":{"minecraft:stone_pickaxe":3,"minecraft:wooden_pickaxe":1},"minecraft:picked_up":{"minecraft:charcoal":2,"minecraft:wheat":1,"minecraft:crafting_table":3,"minecraft:feather":2,"minecraft:chicken":1,"minecraft:andesite":16,"minecraft:leather_leggings":1,"minecraft:brown_mushroom":7,"minecraft:flint":2,"minecraft:lapis_lazuli":35,"minecraft:dirt":20,"minecraft:raw_copper":40,"butchersdelight:deadchiken":2,"minecraft:cooked_mutton":9,"minecraft:glass":9,"minecraft:bone":5,"minecraft:beetroot":1,"minecraft:bow":1,"comforts:sleeping_bag_black":2,"minecraft:wheat_seeds":7,"comforts:sleeping_bag_white":1,"delightful:acorn":2,"minecraft:iron_ingot":1,"delightful:green_tea_leaf":5,"minecraft:sugar_cane":1,"minecraft:raw_iron":51,"minecraft:stick":4,"minecraft:copper_ingot":1,"minecraft:torch":18,"minecraft:dandelion":1,"minecraft:gravel":19,"minecraft:sand":2,"minecraft:spruce_sapling":9,"minecraft:spruce_log":32,"minecraft:arrow":5,"butchersdelight:deadsheep":4,"minecraft:rotten_flesh":12,"minecraft:beetroot_seeds":3,"minecraft:granite":9,"minecraft:gray_wool":1,"comforts:sleeping_bag_yellow":10,"minecraft:coal":57,"minecraft:white_wool":3,"minecraft:cobblestone":306}},"DataVersion":3465}