{"stats":{"minecraft:used":{"minecraft:wheat_seeds":1,"toughasnails:water_purifier":1,"minecraft:glass_bottle":13,"comforts:sleeping_bag_black":2,"minecraft:stone_pickaxe":19,"minecraft:chest":1,"minecraft:wooden_pickaxe":48,"comforts:sleeping_bag_yellow":1,"minecraft:rotten_flesh":2,"minecraft:torch":10,"minecraft:crafting_table":2,"minecraft:white_bed":2,"minecraft:wooden_axe":54,"ava:ammo_kit_supplier":1,"minecraft:bread":4,"delightful:green_tea_leaf":2,"minecraft:bow":1,"toughasnails:purified_water_bottle":4,"delightful:acorn":2},"minecraft:mined":{"minecraft:brown_mushroom":2,"minecraft:crafting_table":1,"minecraft:torch":8,"gravestone:gravestone":9,"minecraft:spruce_leaves":1,"minecraft:lapis_ore":6,"minecraft:wall_torch":1,"minecraft:large_fern":4,"minecraft:iron_ore":6,"minecraft:wheat":1,"minecraft:spruce_log":30,"minecraft:grass":7,"minecraft:coal_ore":1,"minecraft:sand":2,"minecraft:stone":54,"minecraft:fern":4},"minecraft:killed_by":{"minecraft:skeleton":1,"minecraft:zombie":4},"minecraft:killed":{"minecraft:salmon":1,"minecraft:sheep":4,"minecraft:skeleton":1,"minecraft:zombie":3},"minecraft:custom":{"minecraft:interact_with_furnace":8,"minecraft:mob_kills":11,"minecraft:interact_with_crafting_table":10,"minecraft:damage_dealt_resisted":8,"minecraft:leave_game":1,"minecraft:time_since_death":39884,"minecraft:sleep_in_bed":5,"minecraft:time_since_rest":12861,"minecraft:waystone_activated":1,"minecraft:sprint_one_cm":170648,"minecraft:damage_taken":2425,"minecraft:walk_one_cm":65647,"minecraft:drop":5,"minecraft:damage_dealt":1033,"minecraft:damage_dealt_absorbed":66,"minecraft:swim_one_cm":6012,"minecraft:fly_one_cm":148845,"minecraft:open_chest":8,"minecraft:crouch_one_cm":4,"minecraft:play_time":112297,"minecraft:deaths":9,"minecraft:sneak_time":185,"minecraft:walk_under_water_one_cm":7188,"minecraft:boat_one_cm":40231,"minecraft:jump":648,"minecraft:walk_on_water_one_cm":10922,"minecraft:total_world_time":112297,"minecraft:fall_one_cm":13421},"minecraft:dropped":{"minecraft:raw_iron":2,"minecraft:white_wool":3},"minecraft:crafted":{"minecraft:glass_bottle":9,"minecraft:crafting_table":1,"minecraft:spruce_planks":28,"minecraft:wooden_pickaxe":1,"comforts:sleeping_bag_black":1,"minecraft:air":0,"minecraft:glass":5,"minecraft:charcoal":7,"toughasnails:water_purifier":1,"minecraft:stick":8,"minecraft:stone_pickaxe":1,"minecraft:wooden_axe":1,"minecraft:chest":1,"minecraft:torch":4},"minecraft:picked_up":{"minecraft:wheat":1,"minecraft:crafting_table":1,"minecraft:leather_leggings":1,"minecraft:brown_mushroom":7,"minecraft:lapis_lazuli":35,"minecraft:dirt":19,"minecraft:glass":9,"minecraft:bone":5,"minecraft:bow":1,"comforts:sleeping_bag_black":2,"minecraft:wheat_seeds":6,"delightful:acorn":2,"minecraft:iron_ingot":1,"delightful:green_tea_leaf":5,"minecraft:sugar_cane":1,"minecraft:raw_iron":8,"minecraft:stick":4,"minecraft:torch":11,"minecraft:dandelion":1,"minecraft:sand":2,"minecraft:spruce_sapling":9,"minecraft:spruce_log":32,"minecraft:arrow":5,"butchersdelight:deadsheep":4,"minecraft:rotten_flesh":10,"minecraft:gray_wool":1,"comforts:sleeping_bag_yellow":2,"minecraft:coal":1,"minecraft:white_wool":3,"minecraft:cobblestone":54}},"DataVersion":3465}