{"stats":{"minecraft:killed":{"minecraft:skeleton":2,"minecraft:drowned":1,"minecraft:salmon":1,"minecraft:sheep":10,"minecraft:zombie":4},"minecraft:picked_up":{"toughasnails:leaf_leggings":1,"minecraft:mud":1,"minecraft:charcoal":50,"minecraft:crafting_table":5,"minecraft:allium":1,"minecraft:wheat":1,"minecraft:azure_bluet":1,"minecraft:chicken":1,"minecraft:clay_ball":432,"minecraft:leather_leggings":1,"minecraft:brown_mushroom":7,"minecraft:brewing_stand":1,"minecraft:shield":1,"minecraft:string":13,"minecraft:raw_copper":65,"butchersdelight:cleaver":2,"butchersdelight:dead_cow":6,"minecraft:beetroot":1,"comforts:sleeping_bag_black":2,"comforts:sleeping_bag_white":1,"delightful:acorn":5,"minecraft:beef":16,"farmersdelight:straw":137,"minecraft:light_gray_wool":2,"delightful:green_tea_leaf":5,"minecraft:sugar_cane":9,"minecraft:chest":2,"farmersdelight:cabbage_seeds":1,"minecraft:egg":1,"minecraft:furnace":2,"minecraft:dark_oak_sapling":10,"minecraft:stick":26,"minecraft:raw_iron":63,"minecraft:copper_ingot":1,"minecraft:torch":57,"farmersdelight:tomato_seeds":3,"minecraft:pointed_dripstone":12,"minecraft:diorite":2,"toughasnails:empty_canteen":1,"minecraft:arrow":7,"butchersdelight:deadsheep":10,"minecraft:rotten_flesh":14,"minecraft:beetroot_seeds":3,"farmersdelight:onion":1,"minecraft:shears":1,"minecraft:hay_block":14,"comforts:sleeping_bag_yellow":39,"minecraft:mutton":15,"minecraft:white_wool":19,"minecraft:cobblestone":391,"farmersdelight:rich_soil":3,"minecraft:birch_log":5,"minecraft:birch_leaves":42,"minecraft:feather":2,"minecraft:andesite":16,"minecraft:brown_wool":2,"minecraft:leather":28,"minecraft:red_mushroom":1,"minecraft:flint":2,"delightful:cantaloupe":3,"minecraft:oak_log":21,"butchersdelight:goat_fur":1,"minecraft:lapis_lazuli":35,"minecraft:dirt":1318,"farmersdelight:organic_compost":6,"butchersdelight:deadchiken":2,"minecraft:cooked_mutton":9,"minecraft:glass":9,"minecraft:bone":13,"minecraft:apple":3,"minecraft:bow":1,"minecraft:wheat_seeds":106,"minecraft:stone_pickaxe":6,"minecraft:iron_ingot":1,"minecraft:pumpkin":7,"minecraft:dripstone_block":12,"minecraft:dandelion":3,"butchersdelight:cow_hide":7,"butchersdelight:skullcow":4,"minecraft:gravel":20,"minecraft:sand":2,"minecraft:spruce_sapling":14,"delightful:salmonberries":7,"minecraft:spruce_log":38,"minecraft:dark_oak_log":51,"butchersdelight:sheephide":7,"toughasnails:water_purifier":1,"minecraft:spruce_boat":1,"minecraft:granite":9,"minecraft:gray_wool":2,"butchersdelight:deadllama":2,"minecraft:black_wool":1,"minecraft:melon_seeds":1,"minecraft:oak_sapling":13,"minecraft:oak_leaves":46,"minecraft:coal":367},"minecraft:dropped":{"butchersdelight:dead_cow":1,"minecraft:cooked_porkchop":4,"minecraft:cobblestone":61,"minecraft:saddle":1,"minecraft:coal":114,"minecraft:stick":7,"minecraft:dark_oak_log":9,"toughasnails:leaf_boots":1,"toughasnails:leaf_helmet":1,"toughasnails:leaf_leggings":1,"minecraft:string":4,"farmersdelight:rich_soil":3,"minecraft:white_wool":3,"minecraft:bone":1,"butchersdelight:deadchiken":1,"minecraft:stone_axe":2,"toughasnails:empty_canteen":1,"toughasnails:leaf_chestplate":1,"butchersdelight:deadllama":2,"butchersdelight:deadsheep":4,"butchersdelight:cleaver":1,"minecraft:raw_iron":2,"minecraft:stone_shovel":2,"artifacts:villager_hat":1,"sophisticatedbackpacks:backpack":1,"minecraft:cooked_mutton":1,"minecraft:shears":2,"farmersdelight:rope":64,"toughasnails:wool_leggings":1,"comforts:sleeping_bag_white":1,"minecraft:spruce_log":30,"minecraft:stone_pickaxe":7},"minecraft:used":{"minecraft:stone_sword":16,"toughasnails:water_purifier":2,"minecraft:stone_shovel":979,"minecraft:chest":5,"comforts:sleeping_bag_yellow":38,"butchersdelight:hook":2,"minecraft:stone_hoe":8,"minecraft:rotten_flesh":2,"minecraft:iron_chestplate":1,"minecraft:torch":69,"minecraft:dirt":1277,"toughasnails:empty_canteen":7,"minecraft:spruce_boat":1,"minecraft:wooden_axe":54,"minecraft:iron_helmet":1,"delightful:green_tea_leaf":2,"minecraft:bow":1,"minecraft:furnace":3,"minecraft:beetroot_seeds":1,"minecraft:cooked_beef":6,"minecraft:dark_oak_sapling":1,"minecraft:iron_leggings":1,"minecraft:pointed_dripstone":2,"farmersdelight:iron_knife":617,"minecraft:cooked_mutton":9,"minecraft:wheat_seeds":1,"minecraft:water_bucket":2,"minecraft:glass_bottle":37,"comforts:sleeping_bag_black":2,"minecraft:stone_pickaxe":749,"minecraft:wooden_pickaxe":59,"butchersdelight:skullcow":3,"delightful:salmonberries":1,"farmersdelight:onion":1,"giacomos_fishing_net:fishing_net":1,"minecraft:crafting_table":6,"minecraft:white_bed":4,"minecraft:shears":93,"minecraft:birch_fence":4,"minecraft:apple":13,"ava:ammo_kit_supplier":1,"minecraft:bread":17,"minecraft:birch_slab":4,"minecraft:gravel":1,"minecraft:stone_axe":192,"minecraft:cobblestone":7,"minecraft:potion":1,"toughasnails:purified_water_bottle":29,"toughasnails:purified_water_canteen":26,"minecraft:andesite":10,"minecraft:bucket":2,"minecraft:air":1,"butchersdelight:rack":1,"delightful:acorn":2},"minecraft:killed_by":{"minecraft:skeleton":1,"minecraft:zombie":4},"minecraft:crafted":{"minecraft:brick":200,"minecraft:oak_planks":8,"minecraft:stone_shovel":10,"minecraft:iron_nugget":18,"minecraft:cooked_chicken":1,"giacomos_fishing_net:fishing_meal":2,"minecraft:birch_slab":6,"minecraft:furnace":1,"farmersdelight:rope":180,"toughasnails:leaf_leggings":2,"minecraft:cooked_mutton":3,"butchersdelight:rack":1,"minecraft:glass":5,"minecraft:stone_pickaxe":7,"minecraft:chest":5,"toughasnails:leaf_helmet":3,"minecraft:stone_hoe":1,"minecraft:cooked_beef":21,"minecraft:glass_bottle":9,"toughasnails:leaf_boots":3,"giacomos_fishing_net:fishing_net":1,"sophisticatedbackpacks:backpack":2,"minecraft:cooked_porkchop":4,"butchersdelight:hook":2,"minecraft:crafting_table":1,"toughasnails:leaf_chestplate":2,"minecraft:spruce_planks":100,"farmersdelight:iron_knife":1,"minecraft:wooden_pickaxe":1,"minecraft:copper_ingot":40,"toughasnails:wool_leggings":1,"minecraft:birch_planks":68,"minecraft:bucket":1,"butchersdelight:cleaver":1,"comforts:sleeping_bag_black":1,"minecraft:stone_axe":3,"minecraft:air":0,"minecraft:string":12,"minecraft:charcoal":46,"toughasnails:water_purifier":1,"minecraft:birch_fence":6,"minecraft:stick":96,"minecraft:iron_ingot":55,"minecraft:wooden_axe":1,"minecraft:stone_sword":1,"minecraft:white_bed":2,"minecraft:torch":16,"minecraft:shears":1,"toughasnails:empty_canteen":2},"minecraft:broken":{"toughasnails:leaf_leggings":1,"toughasnails:leaf_boots":1,"minecraft:wooden_pickaxe":1,"minecraft:stone_pickaxe":5,"toughasnails:purified_water_canteen":5,"toughasnails:leaf_helmet":1,"minecraft:stone_shovel":6},"minecraft:mined":{"minecraft:dark_oak_log":106,"gravestone:gravestone":10,"minecraft:granite":9,"minecraft:grass_block":462,"minecraft:spruce_leaves":2,"minecraft:red_mushroom":1,"minecraft:large_fern":7,"minecraft:hay_block":14,"farmersdelight:wild_onions":1,"minecraft:furnace":2,"minecraft:iron_ore":60,"minecraft:andesite":16,"minecraft:pumpkin":7,"minecraft:pointed_dripstone":4,"butchersdelight:skullcow":1,"minecraft:stone":389,"farmersdelight:rich_soil_farmland":1,"minecraft:brown_mushroom":2,"toughasnails:water_purifier":1,"minecraft:clay":70,"minecraft:crafting_table":5,"minecraft:torch":42,"minecraft:dead_bush":3,"minecraft:chest":2,"minecraft:campfire":1,"farmersdelight:cabbages":1,"minecraft:tall_grass":38,"minecraft:copper_ore":18,"minecraft:cobblestone":1,"minecraft:lapis_ore":6,"delightful:wild_salmonberries":6,"minecraft:diorite":2,"minecraft:wall_torch":13,"minecraft:seagrass":1,"minecraft:mud":1,"delightful:cantaloupe":3,"minecraft:birch_log":5,"minecraft:wheat":1,"minecraft:spruce_log":30,"minecraft:birch_leaves":45,"minecraft:grass":597,"minecraft:oak_log":21,"minecraft:coal_ore":281,"minecraft:beetroots":1,"minecraft:dripstone_block":12,"minecraft:gravel":22,"minecraft:sand":2,"minecraft:dirt":422,"minecraft:oak_leaves":65,"minecraft:fern":4},"minecraft:custom":{"minecraft:mob_kills":20,"minecraft:interact_with_crafting_table":61,"minecraft:open_barrel":1,"minecraft:damage_dealt_resisted":8,"minecraft:leave_game":5,"minecraft:time_since_death":71544,"minecraft:climb_one_cm":304,"minecraft:sprint_one_cm":1009631,"minecraft:walk_one_cm":481590,"minecraft:drop":77,"minecraft:damage_dealt_absorbed":66,"minecraft:talked_to_villager":9,"minecraft:play_time":591899,"minecraft:deaths":10,"minecraft:sneak_time":4516,"minecraft:walk_under_water_one_cm":27552,"minecraft:boat_one_cm":757908,"minecraft:jump":3279,"minecraft:walk_on_water_one_cm":46751,"minecraft:total_world_time":591899,"minecraft:interact_with_furnace":84,"minecraft:sleep_in_bed":45,"minecraft:time_since_rest":20413,"minecraft:waystone_activated":2,"minecraft:damage_taken":3535,"minecraft:damage_dealt":2784,"minecraft:swim_one_cm":84812,"minecraft:fly_one_cm":544848,"minecraft:open_chest":208,"minecraft:crouch_one_cm":4786,"minecraft:fall_one_cm":67324,"minecraft:horse_one_cm":6732}},"DataVersion":3465}