{"stats":{"minecraft:killed":{"minecraft:skeleton":2,"minecraft:drowned":1,"minecraft:salmon":1,"minecraft:sheep":7,"minecraft:zombie":4},"minecraft:picked_up":{"minecraft:charcoal":50,"minecraft:crafting_table":4,"minecraft:allium":1,"minecraft:wheat":1,"minecraft:azure_bluet":1,"minecraft:chicken":1,"minecraft:leather_leggings":1,"minecraft:brown_mushroom":7,"minecraft:shield":1,"minecraft:string":1,"minecraft:raw_copper":65,"butchersdelight:cleaver":1,"butchersdelight:dead_cow":6,"minecraft:beetroot":1,"comforts:sleeping_bag_black":2,"comforts:sleeping_bag_white":1,"delightful:acorn":3,"minecraft:beef":16,"farmersdelight:straw":135,"minecraft:light_gray_wool":2,"delightful:green_tea_leaf":5,"minecraft:sugar_cane":9,"minecraft:chest":2,"farmersdelight:cabbage_seeds":1,"minecraft:furnace":2,"minecraft:stick":17,"minecraft:raw_iron":62,"minecraft:copper_ingot":1,"minecraft:torch":55,"farmersdelight:tomato_seeds":3,"minecraft:pointed_dripstone":11,"toughasnails:empty_canteen":1,"minecraft:arrow":7,"butchersdelight:deadsheep":7,"minecraft:rotten_flesh":12,"minecraft:beetroot_seeds":3,"farmersdelight:onion":1,"minecraft:shears":1,"minecraft:hay_block":14,"comforts:sleeping_bag_yellow":37,"minecraft:mutton":3,"minecraft:white_wool":12,"minecraft:cobblestone":390,"farmersdelight:rich_soil":1,"minecraft:birch_log":5,"minecraft:birch_leaves":42,"minecraft:feather":2,"minecraft:andesite":16,"minecraft:leather":24,"minecraft:flint":2,"delightful:cantaloupe":3,"minecraft:oak_log":21,"minecraft:lapis_lazuli":35,"minecraft:dirt":1308,"farmersdelight:organic_compost":1,"butchersdelight:deadchiken":2,"minecraft:cooked_mutton":9,"minecraft:glass":9,"minecraft:bone":10,"minecraft:apple":3,"minecraft:bow":1,"minecraft:wheat_seeds":106,"minecraft:stone_pickaxe":6,"minecraft:iron_ingot":1,"minecraft:dripstone_block":12,"minecraft:dandelion":3,"butchersdelight:cow_hide":7,"butchersdelight:skullcow":4,"minecraft:gravel":20,"minecraft:sand":2,"minecraft:spruce_sapling":9,"delightful:salmonberries":7,"minecraft:spruce_log":32,"butchersdelight:sheephide":4,"toughasnails:water_purifier":1,"minecraft:spruce_boat":1,"minecraft:granite":9,"minecraft:gray_wool":2,"minecraft:melon_seeds":1,"minecraft:oak_sapling":13,"minecraft:oak_leaves":46,"minecraft:coal":349},"minecraft:dropped":{"butchersdelight:dead_cow":1,"minecraft:cooked_porkchop":4,"minecraft:coal":114,"toughasnails:leaf_boots":1,"toughasnails:leaf_helmet":1,"toughasnails:leaf_leggings":1,"minecraft:white_wool":3,"minecraft:bone":1,"butchersdelight:deadchiken":1,"minecraft:stone_axe":1,"toughasnails:empty_canteen":1,"toughasnails:leaf_chestplate":1,"butchersdelight:deadsheep":4,"butchersdelight:cleaver":1,"minecraft:raw_iron":2,"minecraft:stone_shovel":2,"artifacts:villager_hat":1,"sophisticatedbackpacks:backpack":1,"minecraft:cooked_mutton":1,"minecraft:shears":2,"farmersdelight:rope":64,"comforts:sleeping_bag_white":1,"minecraft:spruce_log":24,"minecraft:stone_pickaxe":7},"minecraft:used":{"minecraft:stone_sword":1,"toughasnails:water_purifier":2,"minecraft:stone_shovel":893,"minecraft:chest":5,"comforts:sleeping_bag_yellow":36,"butchersdelight:hook":2,"minecraft:stone_hoe":7,"minecraft:rotten_flesh":2,"minecraft:torch":67,"minecraft:dirt":1275,"toughasnails:empty_canteen":4,"minecraft:spruce_boat":1,"minecraft:wooden_axe":54,"delightful:green_tea_leaf":2,"minecraft:bow":1,"minecraft:furnace":3,"minecraft:beetroot_seeds":1,"minecraft:cooked_beef":6,"minecraft:pointed_dripstone":2,"farmersdelight:iron_knife":617,"minecraft:cooked_mutton":9,"minecraft:wheat_seeds":1,"minecraft:water_bucket":2,"minecraft:glass_bottle":37,"comforts:sleeping_bag_black":2,"minecraft:stone_pickaxe":728,"minecraft:wooden_pickaxe":59,"butchersdelight:skullcow":3,"delightful:salmonberries":1,"farmersdelight:onion":1,"giacomos_fishing_net:fishing_net":1,"minecraft:crafting_table":6,"minecraft:white_bed":2,"minecraft:shears":93,"minecraft:birch_fence":4,"minecraft:apple":12,"ava:ammo_kit_supplier":1,"minecraft:bread":7,"minecraft:birch_slab":4,"minecraft:gravel":1,"minecraft:stone_axe":76,"minecraft:cobblestone":5,"minecraft:potion":1,"toughasnails:purified_water_bottle":29,"toughasnails:purified_water_canteen":15,"minecraft:andesite":10,"minecraft:bucket":2,"minecraft:air":1,"butchersdelight:rack":1,"delightful:acorn":2},"minecraft:killed_by":{"minecraft:skeleton":1,"minecraft:zombie":4},"minecraft:crafted":{"minecraft:oak_planks":8,"minecraft:stone_shovel":10,"minecraft:iron_nugget":18,"minecraft:cooked_chicken":1,"giacomos_fishing_net:fishing_meal":2,"minecraft:birch_slab":6,"minecraft:furnace":1,"farmersdelight:rope":180,"toughasnails:leaf_leggings":2,"minecraft:cooked_mutton":3,"butchersdelight:rack":1,"minecraft:glass":5,"minecraft:stone_pickaxe":7,"minecraft:chest":5,"toughasnails:leaf_helmet":2,"minecraft:stone_hoe":1,"minecraft:cooked_beef":21,"minecraft:glass_bottle":9,"toughasnails:leaf_boots":2,"giacomos_fishing_net:fishing_net":1,"sophisticatedbackpacks:backpack":2,"minecraft:cooked_porkchop":4,"butchersdelight:hook":2,"minecraft:crafting_table":1,"toughasnails:leaf_chestplate":2,"minecraft:spruce_planks":100,"farmersdelight:iron_knife":1,"minecraft:wooden_pickaxe":1,"minecraft:copper_ingot":40,"minecraft:birch_planks":20,"minecraft:bucket":1,"butchersdelight:cleaver":1,"comforts:sleeping_bag_black":1,"minecraft:stone_axe":3,"minecraft:air":0,"minecraft:string":12,"minecraft:charcoal":46,"toughasnails:water_purifier":1,"minecraft:birch_fence":6,"minecraft:stick":96,"minecraft:iron_ingot":55,"minecraft:wooden_axe":1,"minecraft:stone_sword":1,"minecraft:white_bed":2,"minecraft:torch":16,"minecraft:shears":1,"toughasnails:empty_canteen":2},"minecraft:broken":{"minecraft:wooden_pickaxe":1,"minecraft:stone_pickaxe":5,"toughasnails:purified_water_canteen":3,"minecraft:stone_shovel":6},"minecraft:mined":{"gravestone:gravestone":9,"minecraft:granite":9,"minecraft:grass_block":455,"minecraft:spruce_leaves":1,"minecraft:large_fern":4,"minecraft:hay_block":14,"farmersdelight:wild_onions":1,"minecraft:furnace":2,"minecraft:iron_ore":60,"minecraft:andesite":16,"minecraft:pointed_dripstone":4,"butchersdelight:skullcow":1,"minecraft:stone":388,"farmersdelight:rich_soil_farmland":1,"minecraft:brown_mushroom":2,"toughasnails:water_purifier":1,"minecraft:crafting_table":5,"minecraft:torch":41,"minecraft:dead_bush":3,"minecraft:chest":2,"minecraft:campfire":1,"farmersdelight:cabbages":1,"minecraft:tall_grass":37,"minecraft:copper_ore":18,"minecraft:cobblestone":1,"minecraft:lapis_ore":6,"delightful:wild_salmonberries":6,"minecraft:wall_torch":13,"delightful:cantaloupe":3,"minecraft:birch_log":5,"minecraft:wheat":1,"minecraft:spruce_log":30,"minecraft:birch_leaves":45,"minecraft:grass":595,"minecraft:oak_log":21,"minecraft:coal_ore":263,"minecraft:beetroots":1,"minecraft:dripstone_block":12,"minecraft:gravel":22,"minecraft:sand":2,"minecraft:dirt":418,"minecraft:oak_leaves":65,"minecraft:fern":4},"minecraft:custom":{"minecraft:mob_kills":17,"minecraft:interact_with_crafting_table":54,"minecraft:open_barrel":1,"minecraft:damage_dealt_resisted":8,"minecraft:leave_game":5,"minecraft:time_since_death":423486,"minecraft:climb_one_cm":304,"minecraft:sprint_one_cm":845113,"minecraft:walk_one_cm":424880,"minecraft:drop":56,"minecraft:damage_dealt_absorbed":66,"minecraft:talked_to_villager":2,"minecraft:play_time":495899,"minecraft:deaths":9,"minecraft:sneak_time":3332,"minecraft:walk_under_water_one_cm":13892,"minecraft:boat_one_cm":747325,"minecraft:jump":2778,"minecraft:walk_on_water_one_cm":25333,"minecraft:total_world_time":495899,"minecraft:interact_with_furnace":58,"minecraft:sleep_in_bed":40,"minecraft:time_since_rest":3821,"minecraft:waystone_activated":2,"minecraft:damage_taken":2955,"minecraft:damage_dealt":2441,"minecraft:swim_one_cm":16440,"minecraft:fly_one_cm":436858,"minecraft:open_chest":161,"minecraft:crouch_one_cm":3871,"minecraft:fall_one_cm":48795,"minecraft:horse_one_cm":6732}},"DataVersion":3465}