{"stats":{"minecraft:used":{"minecraft:wooden_axe":21,"ava:ammo_kit_supplier":1,"comforts:sleeping_bag_black":2,"minecraft:wooden_pickaxe":1,"delightful:green_tea_leaf":2,"minecraft:torch":5,"minecraft:bow":1,"minecraft:crafting_table":2,"minecraft:white_bed":2},"minecraft:mined":{"minecraft:large_fern":4,"minecraft:spruce_log":17,"minecraft:crafting_table":1,"minecraft:torch":5,"gravestone:gravestone":9,"minecraft:grass":1,"minecraft:coal_ore":1,"minecraft:spruce_leaves":1,"minecraft:fern":1},"minecraft:killed_by":{"minecraft:skeleton":1,"minecraft:zombie":4},"minecraft:killed":{"minecraft:skeleton":1,"minecraft:zombie":3},"minecraft:custom":{"minecraft:time_since_rest":3981,"minecraft:sprint_one_cm":74770,"minecraft:damage_taken":2335,"minecraft:walk_one_cm":29110,"minecraft:mob_kills":6,"minecraft:damage_dealt":648,"minecraft:damage_dealt_absorbed":66,"minecraft:interact_with_crafting_table":4,"minecraft:fly_one_cm":128346,"minecraft:crouch_one_cm":4,"minecraft:play_time":76297,"minecraft:deaths":9,"minecraft:sneak_time":172,"minecraft:jump":409,"minecraft:damage_dealt_resisted":8,"minecraft:leave_game":1,"minecraft:time_since_death":3884,"minecraft:sleep_in_bed":3,"minecraft:total_world_time":76297,"minecraft:fall_one_cm":9187},"minecraft:crafted":{"minecraft:crafting_table":1,"minecraft:spruce_planks":20,"minecraft:stick":8,"minecraft:wooden_pickaxe":1,"minecraft:wooden_axe":1,"minecraft:torch":4,"comforts:sleeping_bag_black":1},"minecraft:picked_up":{"minecraft:crafting_table":1,"minecraft:stick":4,"minecraft:brown_mushroom":5,"minecraft:torch":5,"minecraft:spruce_sapling":6,"minecraft:spruce_log":19,"minecraft:dirt":19,"minecraft:arrow":5,"minecraft:bone":5,"minecraft:rotten_flesh":10,"minecraft:bow":1,"comforts:sleeping_bag_black":2,"minecraft:iron_ingot":1,"delightful:green_tea_leaf":3,"minecraft:coal":1}},"DataVersion":3465}