{"stats":{"minecraft:killed":{"minecraft:skeleton":2,"minecraft:drowned":1,"minecraft:salmon":1,"minecraft:sheep":7,"minecraft:zombie":4},"minecraft:picked_up":{"minecraft:charcoal":4,"minecraft:crafting_table":4,"minecraft:wheat":1,"minecraft:chicken":1,"minecraft:leather_leggings":1,"minecraft:brown_mushroom":7,"minecraft:string":1,"minecraft:raw_copper":40,"minecraft:beetroot":1,"comforts:sleeping_bag_black":2,"delightful:acorn":2,"comforts:sleeping_bag_white":1,"farmersdelight:straw":22,"minecraft:light_gray_wool":2,"minecraft:sugar_cane":1,"delightful:green_tea_leaf":5,"minecraft:chest":2,"minecraft:furnace":2,"minecraft:stick":6,"minecraft:raw_iron":51,"minecraft:copper_ingot":1,"minecraft:torch":41,"minecraft:arrow":7,"butchersdelight:deadsheep":7,"minecraft:rotten_flesh":12,"minecraft:beetroot_seeds":3,"comforts:sleeping_bag_yellow":19,"minecraft:mutton":3,"minecraft:white_wool":5,"minecraft:cobblestone":335,"minecraft:birch_log":5,"minecraft:birch_leaves":42,"minecraft:feather":2,"minecraft:andesite":16,"minecraft:leather":1,"minecraft:flint":2,"minecraft:oak_log":4,"minecraft:lapis_lazuli":35,"minecraft:dirt":434,"butchersdelight:deadchiken":2,"minecraft:cooked_mutton":9,"minecraft:glass":9,"minecraft:bone":7,"minecraft:bow":1,"minecraft:wheat_seeds":20,"minecraft:iron_ingot":1,"minecraft:dandelion":1,"minecraft:gravel":19,"minecraft:sand":2,"minecraft:spruce_sapling":9,"delightful:salmonberries":7,"minecraft:spruce_log":32,"butchersdelight:sheephide":3,"toughasnails:water_purifier":1,"minecraft:granite":9,"minecraft:gray_wool":1,"minecraft:oak_leaves":46,"minecraft:coal":81},"minecraft:dropped":{"minecraft:coal":32,"toughasnails:leaf_boots":1,"toughasnails:leaf_helmet":1,"toughasnails:leaf_leggings":1,"minecraft:white_wool":3,"minecraft:bone":1,"butchersdelight:deadchiken":1,"toughasnails:leaf_chestplate":1,"butchersdelight:deadsheep":4,"minecraft:raw_iron":2,"sophisticatedbackpacks:backpack":1,"comforts:sleeping_bag_white":1},"minecraft:used":{"toughasnails:water_purifier":2,"minecraft:stone_shovel":439,"minecraft:chest":5,"comforts:sleeping_bag_yellow":18,"minecraft:rotten_flesh":2,"minecraft:torch":52,"minecraft:dirt":234,"minecraft:wooden_axe":54,"delightful:green_tea_leaf":2,"minecraft:bow":1,"minecraft:furnace":3,"minecraft:beetroot_seeds":1,"farmersdelight:iron_knife":91,"minecraft:cooked_mutton":7,"minecraft:wheat_seeds":1,"minecraft:water_bucket":2,"minecraft:glass_bottle":30,"comforts:sleeping_bag_black":2,"minecraft:stone_pickaxe":449,"minecraft:wooden_pickaxe":59,"delightful:salmonberries":1,"minecraft:crafting_table":5,"minecraft:white_bed":2,"minecraft:shears":93,"minecraft:apple":6,"ava:ammo_kit_supplier":1,"minecraft:bread":7,"minecraft:stone_axe":31,"minecraft:cobblestone":3,"toughasnails:purified_water_bottle":21,"minecraft:andesite":10,"minecraft:bucket":2,"butchersdelight:rack":1,"delightful:acorn":2},"minecraft:killed_by":{"minecraft:skeleton":1,"minecraft:zombie":4},"minecraft:crafted":{"minecraft:stone_shovel":4,"minecraft:furnace":1,"toughasnails:leaf_leggings":2,"butchersdelight:rack":1,"minecraft:glass":5,"minecraft:stone_pickaxe":4,"minecraft:chest":5,"toughasnails:leaf_helmet":2,"minecraft:glass_bottle":9,"toughasnails:leaf_boots":2,"sophisticatedbackpacks:backpack":2,"minecraft:crafting_table":1,"toughasnails:leaf_chestplate":2,"minecraft:spruce_planks":100,"farmersdelight:iron_knife":1,"minecraft:wooden_pickaxe":1,"minecraft:copper_ingot":12,"minecraft:bucket":1,"comforts:sleeping_bag_black":1,"minecraft:stone_axe":1,"minecraft:air":0,"minecraft:string":8,"minecraft:charcoal":7,"toughasnails:water_purifier":1,"minecraft:stick":32,"minecraft:iron_ingot":27,"minecraft:wooden_axe":1,"minecraft:torch":16,"minecraft:shears":1},"minecraft:broken":{"minecraft:wooden_pickaxe":1,"minecraft:stone_pickaxe":3,"minecraft:stone_shovel":3},"minecraft:mined":{"gravestone:gravestone":9,"minecraft:granite":9,"minecraft:grass_block":209,"minecraft:spruce_leaves":1,"minecraft:large_fern":4,"minecraft:furnace":2,"minecraft:iron_ore":49,"minecraft:andesite":16,"minecraft:stone":333,"minecraft:brown_mushroom":2,"toughasnails:water_purifier":1,"minecraft:crafting_table":4,"minecraft:torch":32,"minecraft:chest":2,"minecraft:campfire":1,"minecraft:tall_grass":6,"minecraft:copper_ore":11,"minecraft:cobblestone":1,"minecraft:lapis_ore":6,"delightful:wild_salmonberries":6,"minecraft:wall_torch":7,"minecraft:birch_log":5,"minecraft:wheat":1,"minecraft:spruce_log":30,"minecraft:birch_leaves":43,"minecraft:grass":103,"minecraft:oak_log":4,"minecraft:coal_ore":80,"minecraft:beetroots":1,"minecraft:gravel":21,"minecraft:sand":2,"minecraft:dirt":206,"minecraft:oak_leaves":54,"minecraft:fern":4},"minecraft:custom":{"minecraft:mob_kills":17,"minecraft:interact_with_crafting_table":35,"minecraft:damage_dealt_resisted":8,"minecraft:leave_game":3,"minecraft:time_since_death":191195,"minecraft:sprint_one_cm":441699,"minecraft:walk_one_cm":207923,"minecraft:drop":32,"minecraft:damage_dealt_absorbed":66,"minecraft:play_time":263608,"minecraft:deaths":9,"minecraft:sneak_time":574,"minecraft:walk_under_water_one_cm":7509,"minecraft:boat_one_cm":40231,"minecraft:jump":1669,"minecraft:walk_on_water_one_cm":22056,"minecraft:total_world_time":263608,"minecraft:interact_with_furnace":23,"minecraft:sleep_in_bed":22,"minecraft:time_since_rest":7420,"minecraft:waystone_activated":1,"minecraft:damage_taken":2722,"minecraft:damage_dealt":1811,"minecraft:swim_one_cm":15976,"minecraft:fly_one_cm":259381,"minecraft:open_chest":56,"minecraft:crouch_one_cm":575,"minecraft:fall_one_cm":25518}},"DataVersion":3465}