{"stats":{"minecraft:used":{"minecraft:torch":1,"minecraft:wooden_axe":17,"ava:ammo_kit_supplier":1,"minecraft:crafting_table":2,"minecraft:white_bed":2,"minecraft:wooden_pickaxe":1},"minecraft:mined":{"minecraft:large_fern":2,"minecraft:coal_ore":1,"minecraft:spruce_leaves":1,"minecraft:spruce_log":17,"minecraft:torch":1},"minecraft:killed_by":{"minecraft:zombie":1},"minecraft:custom":{"minecraft:time_since_rest":76,"minecraft:deaths":2,"minecraft:crouch_one_cm":4,"minecraft:sprint_one_cm":30173,"minecraft:play_time":64297,"minecraft:damage_taken":470,"minecraft:walk_one_cm":13196,"minecraft:sneak_time":172,"minecraft:jump":174,"minecraft:damage_dealt":0,"minecraft:time_since_death":0,"minecraft:leave_game":1,"minecraft:sleep_in_bed":1,"minecraft:total_world_time":64297,"minecraft:damage_dealt_absorbed":58,"minecraft:interact_with_crafting_table":3,"minecraft:fall_one_cm":2221,"minecraft:fly_one_cm":104944},"minecraft:crafted":{"minecraft:torch":4,"comforts:sleeping_bag_black":1,"minecraft:crafting_table":1,"minecraft:spruce_planks":20,"minecraft:stick":8,"minecraft:wooden_pickaxe":1,"minecraft:wooden_axe":1},"minecraft:picked_up":{"minecraft:stick":4,"minecraft:spruce_sapling":6,"minecraft:spruce_log":16,"delightful:green_tea_leaf":2,"minecraft:coal":1}},"DataVersion":3465}