{"stats":{"minecraft:custom":{"minecraft:interact_with_crafting_table":152,"minecraft:open_barrel":3,"minecraft:leave_game":6,"minecraft:time_since_death":403388,"minecraft:sprint_one_cm":2152485,"minecraft:damage_blocked_by_shield":425,"minecraft:drop":359,"minecraft:talked_to_villager":88,"minecraft:play_time":1247384,"minecraft:deaths":12,"minecraft:jump":6356,"minecraft:walk_on_water_one_cm":84622,"minecraft:interact_with_furnace":364,"minecraft:traded_with_villager":37,"minecraft:sleep_in_bed":87,"minecraft:waystone_activated":2,"minecraft:damage_dealt":7970,"minecraft:crouch_one_cm":7308,"minecraft:horse_one_cm":1055771,"minecraft:mob_kills":44,"minecraft:damage_dealt_resisted":8,"minecraft:climb_one_cm":2922,"minecraft:walk_one_cm":901565,"minecraft:damage_dealt_absorbed":66,"minecraft:raid_win":1,"minecraft:sneak_time":9152,"minecraft:walk_under_water_one_cm":75170,"minecraft:boat_one_cm":757908,"minecraft:interact_with_blast_furnace":7,"minecraft:total_world_time":1247384,"minecraft:raid_trigger":1,"minecraft:time_since_rest":10288,"minecraft:damage_taken":4946,"minecraft:swim_one_cm":178119,"minecraft:freezer_opened":8,"minecraft:fly_one_cm":1252514,"minecraft:open_chest":353,"minecraft:fall_one_cm":200769},"minecraft:used":{"minecraft:chest":7,"comforts:sleeping_bag_yellow":59,"minecraft:shield":17,"butchersdelight:hook":2,"minecraft:rotten_flesh":2,"minecraft:iron_chestplate":2,"cfm:dark_oak_upgraded_gate":3,"pfm:dark_oak_black_classic_bed":2,"minecraft:spruce_boat":1,"cfm:dark_oak_upgraded_fence":56,"minecraft:bricks":7,"minecraft:iron_helmet":2,"pfm:dark_oak_simple_bunk_ladder":5,"delightful:green_tea_leaf":2,"farmersdelight:cutting_board":2,"minecraft:bow":8,"minecraft:hay_block":1,"minecraft:furnace":8,"minecraft:beetroot_seeds":1,"minecraft:dark_oak_sapling":1,"pfm:iron_freezer":1,"minecraft:stone_pickaxe":1315,"minecraft:wooden_pickaxe":59,"butchersdelight:skullcow":3,"giacomos_fishing_net:fishing_net":1,"minecraft:blast_furnace":1,"minecraft:shears":139,"minecraft:birch_fence":4,"minecraft:birch_slab":4,"pfm:working_table":1,"minecraft:bread":25,"minecraft:lectern":28,"minecraft:gravel":1,"pfm:dark_oak_white_classic_bed":1,"pfm:dark_oak_herringbone_planks":160,"minecraft:andesite":10,"minecraft:air":1,"delightful:acorn":2,"minecraft:cobweb":1,"minecraft:stone_sword":137,"minecraft:stone_shovel":1427,"minecraft:stone_hoe":8,"minecraft:torch":120,"minecraft:brewing_stand":1,"minecraft:dirt":1281,"minecraft:white_carpet":1,"minecraft:dark_oak_planks":28,"minecraft:wooden_axe":54,"minecraft:iron_boots":1,"minecraft:cooked_beef":18,"minecraft:cobbled_deepslate":1,"minecraft:pointed_dripstone":2,"farmersdelight:fried_egg":8,"minecraft:iron_leggings":2,"minecraft:cooked_mutton":21,"minecraft:wheat_seeds":1,"farmersdelight:iron_knife":618,"minecraft:water_bucket":2,"minecraft:glass_bottle":37,"comforts:sleeping_bag_black":2,"cfm:dark_oak_blinds":12,"animal_feeding_trough:feeding_trough":4,"delightful:salmonberries":1,"farmersdelight:onion":1,"minecraft:crafting_table":11,"minecraft:white_bed":4,"minecraft:spruce_log":3,"minecraft:dark_oak_door":2,"exlinefurniture:spruce_log_table":1,"minecraft:apple":13,"ava:ammo_kit_supplier":1,"minecraft:iron_pickaxe":1238,"minecraft:stone_axe":376,"minecraft:pink_petals":11,"minecraft:cobblestone":7,"minecraft:potion":1,"minecraft:cooked_porkchop":4,"minecraft:bucket":6,"minecraft:glass_pane":12,"alexsmobs:animal_dictionary":1,"butchersdelight:rack":1},"minecraft:killed_by":{"minecraft:vindicator":2,"minecraft:zombie":4,"minecraft:skeleton":1},"minecraft:dropped":{"sophisticatedbackpacks:iron_backpack":1,"butchersdelight:dead_cow":1,"minecraft:cooked_beef":3,"minecraft:cooked_porkchop":10,"minecraft:leather":13,"minecraft:saddle":1,"minecraft:emerald":37,"minecraft:dark_oak_log":9,"minecraft:snowball":16,"minecraft:dark_oak_planks":33,"minecraft:white_wool":3,"minecraft:bone":1,"minecraft:stone_axe":3,"butchersdelight:deadsheep":4,"butchersdelight:cleaver":2,"minecraft:rotten_flesh":2,"artifacts:villager_hat":1,"minecraft:cooked_mutton":1,"minecraft:white_bed":1,"minecraft:carrot":8,"farmersdelight:rope":64,"comforts:sleeping_bag_white":1,"minecraft:oak_leaves":21,"minecraft:lectern":2,"minecraft:iron_ingot":3,"minecraft:birch_leaves":16,"minecraft:wheat_seeds":5,"minecraft:iron_helmet":2,"minecraft:cobblestone":61,"minecraft:book":3,"minecraft:coal":114,"minecraft:stick":59,"butchersdelight:skullcow":1,"minecraft:milk_bucket":2,"minecraft:iron_leggings":1,"minecraft:string":4,"farmersdelight:rich_soil":3,"butchersdelight:deadchiken":1,"minecraft:bricks":159,"butchersdelight:deadllama":2,"minecraft:raw_iron":2,"minecraft:stone_shovel":2,"minecraft:clay_ball":420,"sophisticatedbackpacks:backpack":1,"cfm:dark_oak_upgraded_fence":341,"minecraft:shears":4,"minecraft:iron_chestplate":1,"minecraft:spruce_log":30,"pfm:furniture_book":1,"minecraft:stone_pickaxe":7,"pfm:dark_oak_herringbone_planks":1,"cfm:dark_oak_upgraded_gate":4,"ava:work_hardened_iron":14,"minecraft:brick":2},"minecraft:crafted":{"minecraft:brick":817,"minecraft:black_dye":1,"minecraft:smooth_stone":8,"minecraft:oak_planks":28,"cfm:dark_oak_upgraded_fence":324,"farmersdelight:canvas":6,"minecraft:cobweb":35,"minecraft:cooked_chicken":1,"giacomos_fishing_net:fishing_meal":2,"minecraft:birch_slab":6,"minecraft:stone":8,"farmersdelight:rope":180,"minecraft:bookshelf":1,"minecraft:cooked_mutton":15,"butchersdelight:rack":1,"minecraft:glass":69,"minecraft:dark_oak_door":3,"ava:silicon":32,"ava:work_hardened_iron":48,"minecraft:iron_boots":1,"minecraft:chest":7,"pfm:iron_freezer":1,"minecraft:bricks":158,"minecraft:stone_hoe":1,"minecraft:glass_bottle":9,"sophisticatedbackpacks:backpack":2,"minecraft:emerald":29,"minecraft:cooked_porkchop":4,"cfm:dark_oak_upgraded_gate":6,"minecraft:crafting_table":1,"minecraft:spruce_planks":132,"farmersdelight:iron_knife":1,"minecraft:iron_helmet":1,"pfm:dark_oak_black_classic_bed":1,"minecraft:wooden_pickaxe":1,"minecraft:copper_ingot":172,"butchersdelight:cleaver":1,"minecraft:birch_planks":68,"comforts:sleeping_bag_black":1,"pfm:working_table":1,"farmersdelight:cutting_board":1,"minecraft:iron_chestplate":1,"farmersdelight:fried_egg":19,"minecraft:spruce_trapdoor":2,"minecraft:charcoal":46,"minecraft:lectern":3,"minecraft:dark_oak_slab":204,"minecraft:string":36,"minecraft:book":6,"minecraft:paper":18,"pfm:dark_oak_white_classic_bed":1,"minecraft:birch_fence":6,"minecraft:stick":256,"minecraft:iron_ingot":143,"minecraft:iron_pickaxe":5,"minecraft:stone_sword":1,"minecraft:gold_ingot":62,"minecraft:black_bed":1,"minecraft:dark_oak_fence_gate":3,"animal_feeding_trough:feeding_trough":3,"minecraft:shears":1,"minecraft:redstone":10,"minecraft:stone_shovel":13,"ava:fibre":12,"minecraft:iron_nugget":18,"pfm:dark_oak_simple_bunk_ladder":4,"pfm:dark_oak_herringbone_planks":172,"minecraft:furnace":4,"minecraft:blast_furnace":1,"minecraft:glass_pane":48,"ava:plastic":10,"minecraft:blue_ice":1,"minecraft:dark_oak_fence":6,"minecraft:leather":7,"minecraft:spruce_slab":6,"minecraft:stone_pickaxe":11,"minecraft:dark_oak_planks":260,"sophisticatedbackpacks:iron_backpack":2,"minecraft:cooked_beef":21,"giacomos_fishing_net:fishing_net":1,"butchersdelight:hook":2,"minecraft:bucket":2,"minecraft:stone_axe":6,"minecraft:enchanted_book":3,"minecraft:air":0,"cfm:dark_oak_blinds":12,"minecraft:wooden_axe":1,"minecraft:iron_leggings":1,"minecraft:white_bed":2,"minecraft:torch":64},"minecraft:broken":{"minecraft:stone_pickaxe":10,"minecraft:stone_axe":1,"minecraft:stone_shovel":10,"minecraft:wooden_pickaxe":1,"minecraft:iron_pickaxe":4},"minecraft:killed":{"minecraft:skeleton":4,"minecraft:zombie_villager":1,"minecraft:salmon":1,"minecraft:sheep":15,"minecraft:pillager":7,"minecraft:zombie":8,"alexsmobs:fly":4,"minecraft:vindicator":1,"minecraft:drowned":1},"minecraft:mined":{"minecraft:white_bed":3,"minecraft:granite":54,"minecraft:grass_block":475,"minecraft:tall_seagrass":2,"minecraft:iron_ore":119,"minecraft:pumpkin":7,"minecraft:pointed_dripstone":15,"minecraft:dirt_path":1,"farmersdelight:rich_soil_farmland":1,"minecraft:deepslate_redstone_ore":6,"minecraft:brown_mushroom":2,"minecraft:powder_snow":14,"minecraft:clay":198,"minecraft:torch":47,"cfm:dark_oak_upgraded_gate":1,"minecraft:blast_furnace":1,"minecraft:chest":2,"minecraft:dead_bush":3,"farmersdelight:cabbages":1,"minecraft:cobblestone":1,"minecraft:sugar_cane":3,"minecraft:wall_torch":32,"minecraft:pink_petals":4,"minecraft:seagrass":2,"minecraft:mud":1,"minecraft:birch_log":5,"delightful:cantaloupe":3,"farmersdelight:cutting_board":1,"minecraft:wheat":1,"minecraft:grass":622,"minecraft:oak_log":26,"minecraft:beetroots":1,"minecraft:sand":181,"minecraft:dirt":427,"minecraft:oak_leaves":114,"minecraft:deepslate":432,"minecraft:tuff":40,"pfm:dark_oak_simple_bunk_ladder":3,"pfm:dark_oak_herringbone_planks":2,"minecraft:deepslate_diamond_ore":57,"minecraft:dark_oak_log":106,"gravestone:gravestone":12,"minecraft:birch_slab":4,"minecraft:spruce_leaves":2,"minecraft:red_mushroom":1,"animal_feeding_trough:feeding_trough":1,"minecraft:large_fern":7,"minecraft:hay_block":14,"farmersdelight:wild_onions":1,"minecraft:furnace":5,"cfm:dark_oak_upgraded_fence":10,"minecraft:snow":20,"minecraft:andesite":33,"pfm:dark_oak_black_classic_bed":1,"minecraft:deepslate_iron_ore":49,"butchersdelight:skullcow":1,"minecraft:stone":935,"minecraft:snow_block":49,"minecraft:crafting_table":10,"minecraft:lectern":27,"minecraft:campfire":1,"minecraft:tall_grass":52,"minecraft:copper_ore":128,"minecraft:deepslate_gold_ore":55,"minecraft:lapis_ore":11,"delightful:wild_salmonberries":6,"minecraft:diorite":2,"minecraft:spruce_log":33,"minecraft:birch_leaves":47,"minecraft:coal_ore":613,"minecraft:gravel":74,"minecraft:dripstone_block":27,"minecraft:cobweb":1,"minecraft:birch_fence":4,"minecraft:fern":4},"minecraft:picked_up":{"minecraft:wheat":17,"artifacts:bunny_hoppers":2,"minecraft:brewing_stand":1,"farmersdelight:cutting_board":1,"minecraft:string":13,"minecraft:raw_copper":455,"butchersdelight:cleaver":2,"minecraft:beetroot":1,"comforts:sleeping_bag_black":2,"minecraft:cobbled_deepslate":425,"comforts:sleeping_bag_white":1,"delightful:acorn":5,"delightful:green_tea_leaf":6,"farmersdelight:cabbage_seeds":1,"minecraft:furnace":5,"minecraft:stick":53,"minecraft:torch":84,"ava:work_hardened_iron":14,"minecraft:pointed_dripstone":38,"minecraft:diorite":2,"minecraft:rotten_flesh":23,"animal_feeding_trough:feeding_trough":1,"farmersdelight:onion":1,"minecraft:bookshelf":2,"comforts:sleeping_bag_yellow":60,"minecraft:snowball":205,"minecraft:cobblestone":941,"minecraft:birch_log":5,"minecraft:pink_petals":11,"minecraft:feather":2,"minecraft:birch_slab":4,"minecraft:andesite":33,"minecraft:brown_wool":3,"butchersdelight:deadpig":9,"minecraft:flint":6,"minecraft:tuff":40,"delightful:cantaloupe":3,"butchersdelight:goat_fur":1,"minecraft:lapis_lazuli":72,"minecraft:dirt":1353,"minecraft:leather_boots":1,"minecraft:glass":9,"minecraft:bone":18,"minecraft:bow":1,"minecraft:wheat_seeds":111,"minecraft:raw_gold":54,"butchersdelight:cow_hide":11,"butchersdelight:skullcow":9,"minecraft:sand":181,"sophisticatedbackpacks:iron_backpack":2,"minecraft:ink_sac":2,"minecraft:dark_oak_log":412,"exlinefurniture:spruce_log_table":1,"minecraft:diamond":60,"minecraft:spruce_boat":1,"artifacts:crystal_heart":1,"minecraft:granite":54,"minecraft:emerald":39,"butchersdelight:deadllama":2,"alexsmobs:maggot":4,"pfm:furniture_book":1,"minecraft:oak_sapling":15,"minecraft:bricks":8,"minecraft:oak_leaves":91,"minecraft:mud":1,"minecraft:charcoal":97,"minecraft:crafting_table":10,"minecraft:allium":1,"minecraft:azure_bluet":1,"minecraft:chicken":1,"minecraft:clay_ball":1649,"minecraft:brown_mushroom":7,"minecraft:leather_leggings":2,"pfm:dark_oak_herringbone_planks":2,"gravestone:obituary":1,"pfm:dark_oak_simple_bunk_ladder":3,"minecraft:brick":5,"minecraft:shield":1,"minecraft:white_carpet":1,"minecraft:birch_fence":4,"butchersdelight:dead_cow":9,"minecraft:beef":32,"farmersdelight:straw":137,"minecraft:light_gray_wool":2,"minecraft:lectern":27,"minecraft:chest":2,"minecraft:sugar_cane":46,"minecraft:egg":56,"minecraft:dark_oak_sapling":10,"minecraft:raw_iron":170,"minecraft:copper_ingot":1,"sophisticatedbackpacks:backpack":1,"farmersdelight:tomato_seeds":3,"minecraft:carrot":21,"minecraft:redstone":29,"minecraft:dark_oak_planks":4,"minecraft:arrow":9,"butchersdelight:deadsheep":15,"minecraft:stone_shovel":1,"minecraft:beetroot_seeds":3,"minecraft:shears":2,"minecraft:hay_block":14,"minecraft:saddle":2,"minecraft:mutton":15,"cfm:dark_oak_upgraded_fence":147,"minecraft:white_wool":27,"farmersdelight:rich_soil":3,"minecraft:birch_leaves":42,"minecraft:leather":62,"minecraft:red_mushroom":1,"cfm:dark_oak_upgraded_gate":1,"pfm:dark_oak_black_classic_bed":1,"minecraft:oak_log":26,"minecraft:gunpowder":2,"minecraft:cooked_mutton":9,"butchersdelight:deadchiken":4,"farmersdelight:organic_compost":6,"minecraft:apple":3,"minecraft:iron_ingot":1,"minecraft:stone_pickaxe":6,"minecraft:cobweb":1,"minecraft:book":3,"minecraft:milk_bucket":1,"minecraft:pumpkin":7,"minecraft:dandelion":3,"minecraft:dripstone_block":27,"minecraft:gravel":68,"minecraft:spruce_sapling":14,"minecraft:blast_furnace":1,"delightful:salmonberries":7,"minecraft:white_bed":3,"minecraft:spruce_log":41,"butchersdelight:sheephide":7,"minecraft:stone_axe":1,"minecraft:iron_helmet":1,"minecraft:gray_wool":2,"minecraft:black_wool":1,"minecraft:melon_seeds":1,"minecraft:coal":699}},"DataVersion":3465}