{"stats":{"minecraft:killed":{"minecraft:horse":1,"minecraft:drowned":1,"minecraft:sheep":8},"minecraft:picked_up":{"toughasnails:leaf_leggings":1,"minecraft:mud":1,"minecraft:fishing_rod":1,"minecraft:charcoal":2,"minecraft:crafting_table":3,"minecraft:coarse_dirt":8,"cfm:spruce_park_bench":4,"minecraft:clay_ball":160,"minecraft:leather_leggings":1,"minecraft:yellow_wool":3,"gravestone:obituary":3,"minecraft:brewing_stand":2,"minecraft:string":1,"minecraft:cooked_salmon":2,"minecraft:pufferfish":2,"butchersdelight:cleaver":1,"butchersdelight:dead_cow":5,"delightful:acorn":6,"comforts:sleeping_bag_white":13,"toughasnails:leaf_boots":1,"minecraft:beef":18,"farmersdelight:straw":3,"minecraft:melon_slice":39,"minecraft:sugar_cane":36,"delightful:green_tea_leaf":6,"minecraft:birch_sapling":5,"farmersdelight:cabbage_seeds":3,"minecraft:egg":1,"minecraft:furnace":2,"minecraft:stick":21,"minecraft:raw_iron":1,"minecraft:torch":9,"sophisticatedbackpacks:backpack":2,"minecraft:porkchop":14,"farmersdelight:tomato_seeds":5,"minecraft:carrot":9,"toughasnails:empty_canteen":1,"minecraft:rotten_flesh":2,"minecraft:stone_shovel":2,"minecraft:arrow":1,"butchersdelight:deadsheep":11,"minecraft:tropical_fish":1,"artifacts:villager_hat":1,"minecraft:shears":1,"minecraft:hay_block":125,"farmersdelight:rope":64,"minecraft:saddle":3,"minecraft:oxeye_daisy":1,"minecraft:mutton":17,"minecraft:cobblestone":113,"minecraft:cod":10,"minecraft:white_wool":16,"minecraft:birch_log":15,"farmersdelight:rich_soil":10,"minecraft:cooked_beef":11,"minecraft:salmon":2,"minecraft:leather":11,"minecraft:red_mushroom":5,"toughasnails:leaf_helmet":1,"butchersdelight:deadpig":4,"minecraft:flint":4,"minecraft:oak_log":49,"minecraft:lily_pad":2,"farmersdelight:tomato":1,"minecraft:dirt":1017,"minecraft:leather_boots":1,"farmersdelight:organic_compost":4,"minecraft:cooked_mutton":5,"minecraft:bone":11,"minecraft:apple":3,"delightful:mini_melon":1,"minecraft:wheat_seeds":37,"minecraft:iron_ingot":4,"minecraft:stone_pickaxe":1,"toughasnails:leaf_chestplate":1,"minecraft:cooked_porkchop":6,"minecraft:dandelion":2,"minecraft:dripstone_block":4,"butchersdelight:cow_hide":3,"butchersdelight:skullcow":5,"minecraft:gravel":11,"minecraft:sand":14,"minecraft:spruce_sapling":17,"delightful:salmonberries":3,"minecraft:white_bed":1,"minecraft:spruce_log":89,"farmersdelight:ham":4,"exlinefurniture:spruce_log_table":1,"butchersdelight:sheephide":10,"minecraft:spruce_boat":2,"minecraft:stone_axe":1,"minecraft:gray_wool":3,"minecraft:oak_sapling":23,"minecraft:black_wool":2,"minecraft:coal":160},"minecraft:dropped":{"minecraft:iron_ingot":4,"minecraft:cooked_beef":9,"minecraft:crafting_table":1,"minecraft:leather":3,"minecraft:coal":90,"minecraft:dirt":531,"minecraft:gray_wool":2,"minecraft:brewing_stand":2,"farmersdelight:organic_compost":4,"gravestone:obituary":3,"minecraft:mud":1,"farmersdelight:rich_soil":2,"minecraft:white_wool":8,"minecraft:spruce_sapling":16,"minecraft:bone":1,"toughasnails:empty_canteen":1,"minecraft:sugar_cane":6,"butchersdelight:cleaver":1,"minecraft:raw_iron":1,"farmersdelight:straw":2,"minecraft:cooked_mutton":9,"comforts:sleeping_bag_yellow":1,"minecraft:shield":1,"minecraft:charcoal":48,"minecraft:leather_leggings":2,"minecraft:glass":9},"minecraft:used":{"minecraft:stone_sword":151,"minecraft:iron_shovel":61,"toughasnails:leaf_helmet":1,"minecraft:stone_shovel":667,"minecraft:chest":1,"toughasnails:leaf_boots":1,"minecraft:torch":28,"minecraft:dirt":476,"farmersdelight:flint_knife":2,"toughasnails:empty_canteen":8,"minecraft:carrot":9,"minecraft:spruce_boat":2,"butchersdelight:cleaver":4,"minecraft:furnace":2,"minecraft:egg":1,"comforts:sleeping_bag_white":13,"minecraft:cooked_beef":7,"minecraft:cooked_mutton":6,"minecraft:leather_leggings":1,"toughasnails:leaf_leggings":2,"minecraft:glass_bottle":17,"minecraft:stone_pickaxe":217,"minecraft:wooden_pickaxe":21,"toughasnails:water_canteen":39,"butchersdelight:skullcow":1,"delightful:salmonberries":3,"farmersdelight:onion":1,"minecraft:crafting_table":3,"minecraft:white_bed":1,"minecraft:campfire":3,"minecraft:spruce_log":2,"sophisticatedbackpacks:backpack":1,"exlinefurniture:spruce_log_table":1,"minecraft:oxeye_daisy":1,"minecraft:apple":3,"minecraft:string":1,"toughasnails:leaf_chestplate":1,"farmersdelight:ham":4,"minecraft:stone_axe":182,"minecraft:fishing_rod":29,"minecraft:cobblestone":9,"minecraft:potion":12,"cfm:spruce_park_bench":4,"toughasnails:purified_water_bottle":6,"minecraft:cooked_porkchop":2,"toughasnails:purified_water_canteen":12,"minecraft:air":2,"minecraft:coarse_dirt":3,"delightful:acorn":6},"minecraft:killed_by":{"minecraft:spider":2,"minecraft:skeleton":1},"minecraft:crafted":{"cfm:spruce_park_bench":4,"minecraft:oak_planks":10,"minecraft:stone_shovel":3,"minecraft:fishing_rod":1,"minecraft:leather_leggings":1,"comforts:sleeping_bag_white":1,"giacomos_fishing_net:fishing_meal":2,"minecraft:furnace":1,"minecraft:stone":5,"farmersdelight:rope":8,"minecraft:cooked_mutton":13,"minecraft:glass":9,"minecraft:stone_pickaxe":1,"minecraft:chest":1,"minecraft:spruce_boat":1,"minecraft:wheat":826,"minecraft:cooked_beef":11,"minecraft:emerald":33,"minecraft:cooked_porkchop":8,"minecraft:crafting_table":1,"minecraft:spruce_planks":40,"exlinefurniture:spruce_log_table":1,"farmersdelight:flint_knife":1,"minecraft:wooden_pickaxe":1,"minecraft:campfire":3,"minecraft:stone_axe":1,"comforts:sleeping_bag_yellow":1,"minecraft:dark_oak_sapling":3,"minecraft:string":8,"minecraft:charcoal":55,"minecraft:shield":2,"minecraft:stick":20,"minecraft:iron_ingot":5,"minecraft:stone_sword":1,"minecraft:iron_shovel":1,"minecraft:torch":46,"toughasnails:empty_canteen":2},"minecraft:broken":{"toughasnails:water_canteen":4,"minecraft:stone_pickaxe":1,"minecraft:stone_axe":1,"toughasnails:purified_water_canteen":2,"minecraft:stone_shovel":4},"minecraft:custom":{"minecraft:mob_kills":10,"minecraft:animals_bred":1,"minecraft:interact_with_crafting_table":22,"minecraft:interact_with_campfire":10,"minecraft:bell_ring":4,"minecraft:damage_dealt_resisted":50,"minecraft:leave_game":2,"minecraft:time_since_death":11047,"minecraft:climb_one_cm":752,"minecraft:sprint_one_cm":361850,"minecraft:walk_one_cm":483507,"minecraft:drop":50,"minecraft:damage_dealt_absorbed":71,"minecraft:talked_to_villager":34,"minecraft:play_time":401523,"minecraft:deaths":11,"minecraft:sneak_time":30223,"minecraft:walk_under_water_one_cm":28591,"minecraft:boat_one_cm":595832,"minecraft:jump":3352,"minecraft:walk_on_water_one_cm":45951,"minecraft:total_world_time":401523,"minecraft:interact_with_furnace":32,"giacomos_fishing_net:interact":4,"minecraft:traded_with_villager":37,"minecraft:sleep_in_bed":15,"minecraft:time_since_rest":144,"minecraft:waystone_activated":2,"minecraft:damage_taken":3875,"minecraft:damage_dealt":2619,"minecraft:swim_one_cm":39904,"minecraft:fly_one_cm":386736,"minecraft:open_chest":43,"minecraft:crouch_one_cm":36147,"minecraft:fish_caught":15,"minecraft:fall_one_cm":75441,"minecraft:horse_one_cm":255725},"minecraft:mined":{"minecraft:white_bed":1,"farmersdelight:rich_soil":10,"farmersdelight:wild_carrots":8,"minecraft:brewing_stand":1,"gravestone:gravestone":9,"minecraft:grass_block":538,"farmersdelight:tomatoes":4,"minecraft:spruce_leaves":3,"minecraft:oxeye_daisy":1,"comforts:sleeping_bag_white":2,"minecraft:large_fern":1,"minecraft:hay_block":126,"minecraft:furnace":1,"minecraft:iron_ore":1,"minecraft:fire":4,"minecraft:pointed_dripstone":1,"minecraft:dirt_path":6,"minecraft:stripped_oak_log":1,"butchersdelight:skullcow":1,"minecraft:stone":115,"sophisticatedbackpacks:backpack":1,"minecraft:white_wool":3,"minecraft:tripwire":1,"minecraft:podzol":3,"farmersdelight:organic_compost":6,"minecraft:clay":41,"minecraft:crafting_table":2,"minecraft:torch":4,"minecraft:melon":9,"minecraft:dead_bush":1,"minecraft:campfire":1,"farmersdelight:cabbages":3,"minecraft:tall_grass":36,"farmersdelight:wild_tomatoes":1,"minecraft:lily_pad":1,"minecraft:sugar_cane":20,"delightful:wild_salmonberries":4,"minecraft:wall_torch":5,"cfm:spruce_park_bench":4,"minecraft:coarse_dirt":8,"minecraft:yellow_wool":3,"minecraft:birch_log":15,"minecraft:wheat":2,"minecraft:spruce_log":67,"exlinefurniture:spruce_log_table":1,"minecraft:grass":228,"minecraft:oak_log":49,"minecraft:coal_ore":44,"delightful:mini_melon":1,"minecraft:dripstone_block":4,"minecraft:gravel":15,"minecraft:sand":14,"minecraft:dirt":346,"minecraft:oak_leaves":12,"minecraft:fern":14}},"DataVersion":3465}