{"stats":{"minecraft:custom":{"minecraft:animals_bred":4,"minecraft:interact_with_crafting_table":58,"minecraft:bell_ring":5,"minecraft:leave_game":3,"minecraft:time_since_death":165563,"minecraft:sprint_one_cm":1126356,"minecraft:damage_blocked_by_shield":760,"minecraft:drop":152,"minecraft:talked_to_villager":157,"minecraft:play_time":885136,"minecraft:deaths":19,"minecraft:jump":6474,"minecraft:walk_on_water_one_cm":70254,"minecraft:interact_with_furnace":96,"giacomos_fishing_net:interact":4,"minecraft:traded_with_villager":77,"minecraft:sleep_in_bed":20,"minecraft:waystone_activated":2,"minecraft:damage_dealt":6363,"minecraft:crouch_one_cm":69081,"minecraft:horse_one_cm":1293104,"minecraft:mob_kills":27,"minecraft:fill_cauldron":1,"minecraft:interact_with_campfire":10,"minecraft:damage_dealt_resisted":50,"minecraft:climb_one_cm":6212,"minecraft:walk_one_cm":1143436,"minecraft:damage_dealt_absorbed":71,"minecraft:raid_win":1,"minecraft:sneak_time":47969,"minecraft:walk_under_water_one_cm":44210,"minecraft:boat_one_cm":603212,"minecraft:total_world_time":885136,"minecraft:time_since_rest":165602,"minecraft:damage_taken":7130,"minecraft:swim_one_cm":82966,"minecraft:fly_one_cm":883196,"minecraft:open_chest":150,"minecraft:fish_caught":15,"minecraft:fall_one_cm":162849},"minecraft:used":{"minecraft:iron_shovel":251,"minecraft:chest":1,"minecraft:shield":25,"butchersdelight:hook":8,"minecraft:bell":1,"cfm:dark_oak_upgraded_gate":5,"minecraft:carrot":9,"minecraft:milk_bucket":1,"minecraft:spruce_boat":3,"cfm:dark_oak_upgraded_fence":240,"minecraft:bricks":370,"minecraft:furnace":2,"minecraft:egg":2,"minecraft:dark_oak_sapling":50,"minecraft:leather_leggings":2,"minecraft:stone_pickaxe":278,"minecraft:wooden_pickaxe":21,"minecraft:composter":6,"butchersdelight:skullcow":3,"sophisticatedbackpacks:backpack":1,"pfm:working_table":1,"minecraft:dark_oak_log":24,"minecraft:melon_slice":39,"minecraft:bread":1,"minecraft:string":1,"minecraft:lectern":14,"farmersdelight:ham":16,"pfm:dark_oak_herringbone_planks":2,"minecraft:coarse_dirt":3,"minecraft:air":2,"minecraft:bone_meal":50,"delightful:acorn":6,"minecraft:stone_sword":195,"minecraft:stone_shovel":851,"farmersdelight:rich_soil":4,"minecraft:cooked_chicken":1,"minecraft:torch":39,"minecraft:dirt":554,"farmersdelight:flint_knife":2,"minecraft:white_carpet":4,"farmersdelight:rope":6,"minecraft:dark_oak_planks":127,"butchersdelight:cleaver":4,"minecraft:iron_axe":256,"comforts:sleeping_bag_white":13,"minecraft:cooked_beef":16,"minecraft:cooked_mutton":11,"minecraft:water_bucket":5,"minecraft:glass_bottle":17,"storagedrawers:spruce_full_drawers_4":4,"minecraft:cauldron":1,"minecraft:leather_boots":1,"delightful:salmonberries":3,"farmersdelight:onion":1,"minecraft:crafting_table":4,"minecraft:white_bed":9,"minecraft:campfire":3,"minecraft:dark_oak_fence_gate":2,"minecraft:spruce_log":2,"exlinefurniture:spruce_log_table":3,"minecraft:apple":4,"minecraft:oxeye_daisy":1,"minecraft:spruce_sapling":12,"minecraft:stone_axe":500,"minecraft:fishing_rod":29,"minecraft:cobblestone":36,"minecraft:potion":12,"cfm:spruce_park_bench":13,"minecraft:white_banner":5,"minecraft:cooked_porkchop":2,"minecraft:bucket":5,"minecraft:yellow_bed":1,"alexsmobs:animal_dictionary":2,"butchersdelight:rack":3},"minecraft:killed_by":{"minecraft:pillager":1,"minecraft:ravager":2,"minecraft:vindicator":4,"minecraft:spider":2,"minecraft:skeleton":1},"minecraft:dropped":{"minecraft:cooked_beef":9,"minecraft:crafting_table":1,"exlinefurniture:spruce_log_table":1,"minecraft:leather":16,"minecraft:saddle":1,"minecraft:emerald":42,"minecraft:dirt":531,"minecraft:dark_oak_log":433,"gravestone:obituary":4,"minecraft:dark_oak_planks":5,"minecraft:white_wool":8,"minecraft:bone":1,"minecraft:sugar_cane":37,"butchersdelight:cleaver":2,"minecraft:wheat":17,"minecraft:cooked_mutton":9,"comforts:sleeping_bag_yellow":1,"minecraft:charcoal":48,"minecraft:leather_boots":1,"minecraft:leather_leggings":3,"minecraft:glass":9,"minecraft:lectern":1,"minecraft:iron_ingot":4,"minecraft:bookshelf":2,"minecraft:book":1,"minecraft:coal":90,"minecraft:gray_wool":2,"minecraft:brewing_stand":2,"minecraft:melon_slice":11,"farmersdelight:organic_compost":4,"minecraft:mud":1,"farmersdelight:rich_soil":13,"minecraft:spruce_sapling":16,"butchersdelight:goat_fur":1,"minecraft:raw_iron":1,"minecraft:stone_shovel":1,"minecraft:clay_ball":865,"sophisticatedbackpacks:backpack":2,"farmersdelight:straw":2,"cfm:dark_oak_upgraded_fence":66,"minecraft:shield":1,"pfm:furniture_book":1,"minecraft:brick":5},"minecraft:crafted":{"minecraft:brick":587,"minecraft:oak_planks":10,"giacomos_fishing_net:fishing_meal":3,"minecraft:stone":5,"farmersdelight:rope":8,"minecraft:bookshelf":2,"minecraft:cooked_mutton":13,"minecraft:glass":9,"minecraft:chest":7,"minecraft:bricks":193,"minecraft:emerald":65,"minecraft:cooked_porkchop":8,"minecraft:crafting_table":1,"minecraft:spruce_planks":104,"farmersdelight:flint_knife":1,"exlinefurniture:spruce_log_table":1,"minecraft:wooden_pickaxe":1,"minecraft:hay_block":33,"butchersdelight:cleaver":2,"minecraft:campfire":3,"comforts:sleeping_bag_yellow":1,"minecraft:dark_oak_sapling":4,"minecraft:string":8,"minecraft:charcoal":55,"minecraft:shield":2,"minecraft:stick":68,"minecraft:iron_ingot":9,"minecraft:stone_sword":1,"minecraft:dark_oak_fence_gate":1,"storagedrawers:upgrade_template":8,"cfm:spruce_park_bench":4,"minecraft:stone_shovel":6,"minecraft:fishing_rod":1,"minecraft:leather_leggings":1,"minecraft:iron_nugget":63,"comforts:sleeping_bag_white":1,"minecraft:furnace":1,"storagedrawers:spruce_full_drawers_4":4,"minecraft:bone_meal":59,"minecraft:white_carpet":3,"storagedrawers:emerald_storage_upgrade":2,"minecraft:iron_axe":1,"storagedrawers:birch_full_drawers_2":2,"minecraft:stone_pickaxe":1,"minecraft:spruce_boat":1,"minecraft:dark_oak_planks":108,"minecraft:wheat":1249,"minecraft:cooked_beef":11,"butchersdelight:hook":6,"minecraft:stone_axe":3,"minecraft:enchanted_book":7,"minecraft:iron_shovel":1,"minecraft:torch":46},"minecraft:broken":{"minecraft:iron_shovel":1,"minecraft:stone_pickaxe":1,"minecraft:stone_axe":4,"minecraft:stone_shovel":5,"minecraft:iron_axe":1},"minecraft:killed":{"minecraft:skeleton":1,"minecraft:sheep":16,"minecraft:pillager":5,"minecraft:zombie":1,"minecraft:vindicator":1,"minecraft:horse":1,"minecraft:drowned":1,"minecraft:ravager":1},"minecraft:mined":{"minecraft:dark_oak_planks":11,"minecraft:white_bed":8,"farmersdelight:rich_soil":14,"minecraft:brewing_stand":1,"minecraft:grass_block":721,"minecraft:composter":6,"minecraft:oxeye_daisy":1,"comforts:sleeping_bag_white":2,"minecraft:iron_ore":1,"minecraft:fire":4,"minecraft:pointed_dripstone":1,"minecraft:water_cauldron":3,"minecraft:dirt_path":39,"minecraft:tripwire":1,"farmersdelight:organic_compost":6,"minecraft:clay":161,"minecraft:torch":12,"cfm:dark_oak_upgraded_gate":1,"minecraft:melon":9,"minecraft:dead_bush":1,"farmersdelight:cabbages":3,"minecraft:cobblestone":15,"minecraft:sugar_cane":20,"minecraft:bricks":26,"minecraft:wall_torch":6,"minecraft:seagrass":1,"cfm:spruce_park_bench":9,"minecraft:yellow_wool":3,"minecraft:birch_log":15,"minecraft:wheat":2,"minecraft:grass":286,"butchersdelight:hook":2,"minecraft:oak_log":49,"delightful:mini_melon":1,"minecraft:dark_oak_sapling":7,"minecraft:sand":14,"minecraft:dirt":378,"minecraft:oak_leaves":14,"pfm:dark_oak_herringbone_planks":1,"minecraft:dark_oak_leaves":4,"butchersdelight:rack":3,"farmersdelight:wild_carrots":8,"minecraft:dark_oak_log":321,"gravestone:gravestone":17,"farmersdelight:tomatoes":4,"minecraft:spruce_leaves":5,"minecraft:large_fern":3,"minecraft:hay_block":126,"minecraft:spruce_sapling":8,"minecraft:furnace":1,"cfm:dark_oak_upgraded_fence":36,"minecraft:dark_oak_fence_gate":2,"minecraft:bell":1,"minecraft:bookshelf":4,"farmersdelight:rope":2,"minecraft:stripped_oak_log":1,"butchersdelight:skullcow":3,"minecraft:stone":115,"sophisticatedbackpacks:backpack":1,"minecraft:white_wool":3,"minecraft:podzol":3,"minecraft:stripped_dark_oak_log":1,"minecraft:crafting_table":3,"minecraft:lectern":12,"minecraft:campfire":1,"minecraft:tall_grass":57,"farmersdelight:wild_tomatoes":1,"minecraft:lily_pad":1,"delightful:wild_salmonberries":4,"minecraft:coarse_dirt":8,"butchersdelight:deadcowblock":3,"minecraft:white_carpet":2,"minecraft:spruce_log":136,"exlinefurniture:spruce_log_table":3,"minecraft:yellow_bed":1,"minecraft:white_wall_banner":1,"pfm:working_table":1,"minecraft:coal_ore":44,"minecraft:gravel":15,"minecraft:dripstone_block":4,"minecraft:fern":14},"minecraft:picked_up":{"minecraft:wheat":2,"minecraft:yellow_wool":3,"minecraft:brewing_stand":2,"minecraft:string":1,"minecraft:cooked_salmon":2,"minecraft:pufferfish":2,"butchersdelight:cleaver":2,"comforts:sleeping_bag_white":13,"delightful:acorn":17,"delightful:green_tea_leaf":14,"minecraft:melon_slice":50,"farmersdelight:cabbage_seeds":3,"minecraft:furnace":2,"minecraft:stick":56,"minecraft:composter":6,"minecraft:torch":16,"minecraft:porkchop":62,"minecraft:cauldron":3,"minecraft:rotten_flesh":2,"minecraft:tropical_fish":1,"artifacts:villager_hat":1,"farmersdelight:rope":66,"minecraft:cod":10,"minecraft:cobblestone":189,"minecraft:birch_log":15,"minecraft:cooked_beef":14,"minecraft:brown_wool":1,"butchersdelight:deadpig":8,"minecraft:flint":4,"butchersdelight:goat_fur":2,"farmersdelight:tomato":1,"minecraft:dirt":1248,"minecraft:leather_boots":1,"minecraft:bone":39,"delightful:mini_melon":1,"minecraft:wheat_seeds":48,"minecraft:bell":1,"minecraft:cooked_porkchop":6,"butchersdelight:cow_hide":7,"butchersdelight:skullcow":11,"minecraft:sand":14,"sophisticatedbackpacks:iron_backpack":1,"farmersdelight:ham":16,"minecraft:dark_oak_log":454,"exlinefurniture:spruce_log_table":3,"minecraft:spruce_boat":3,"minecraft:bone_meal":1,"butchersdelight:deadllama":2,"minecraft:emerald":42,"pfm:furniture_book":1,"minecraft:oak_sapling":23,"butchersdelight:hook":2,"minecraft:bricks":177,"minecraft:oak_leaves":21,"minecraft:mud":1,"minecraft:fishing_rod":1,"minecraft:charcoal":50,"minecraft:crafting_table":4,"minecraft:coarse_dirt":8,"cfm:spruce_park_bench":9,"minecraft:clay_ball":1040,"minecraft:leather_leggings":1,"pfm:dark_oak_herringbone_planks":2,"gravestone:obituary":4,"minecraft:brick":2,"minecraft:white_carpet":1,"butchersdelight:dead_cow":13,"minecraft:beef":34,"farmersdelight:straw":3,"minecraft:lectern":15,"minecraft:sugar_cane":36,"minecraft:birch_sapling":5,"minecraft:egg":2,"minecraft:dark_oak_sapling":47,"minecraft:raw_iron":1,"sophisticatedbackpacks:backpack":3,"farmersdelight:tomato_seeds":5,"minecraft:carrot":13,"minecraft:dark_oak_planks":45,"minecraft:arrow":3,"butchersdelight:deadsheep":19,"minecraft:stone_shovel":2,"minecraft:shears":2,"minecraft:hay_block":125,"pfm:working_table":1,"minecraft:saddle":3,"minecraft:mutton":69,"minecraft:white_wool":23,"cfm:dark_oak_upgraded_fence":306,"minecraft:oxeye_daisy":1,"farmersdelight:rich_soil":28,"minecraft:birch_leaves":16,"minecraft:salmon":2,"minecraft:leather":39,"minecraft:red_mushroom":5,"cfm:dark_oak_upgraded_gate":5,"minecraft:oak_log":49,"minecraft:lily_pad":2,"minecraft:yellow_bed":1,"butchersdelight:rack":3,"minecraft:white_banner":5,"minecraft:cooked_mutton":5,"farmersdelight:organic_compost":4,"minecraft:apple":6,"minecraft:iron_ingot":4,"minecraft:stone_pickaxe":1,"minecraft:book":13,"minecraft:milk_bucket":1,"minecraft:dandelion":2,"minecraft:dripstone_block":4,"minecraft:gravel":11,"minecraft:spruce_sapling":33,"delightful:salmonberries":3,"minecraft:white_bed":9,"minecraft:spruce_log":158,"minecraft:dark_oak_fence_gate":2,"butchersdelight:sheephide":21,"minecraft:stone_axe":2,"minecraft:gray_wool":3,"minecraft:black_wool":2,"minecraft:stripped_dark_oak_log":1,"minecraft:coal":160}},"DataVersion":3465}