{"stats":{"minecraft:custom":{"minecraft:animals_bred":4,"minecraft:interact_with_crafting_table":78,"minecraft:open_barrel":4,"minecraft:bell_ring":5,"minecraft:leave_game":6,"minecraft:time_since_death":160146,"minecraft:sprint_one_cm":1559406,"minecraft:damage_blocked_by_shield":2455,"minecraft:drop":250,"minecraft:talked_to_villager":162,"minecraft:play_time":1269013,"minecraft:deaths":22,"minecraft:jump":8902,"minecraft:walk_on_water_one_cm":116977,"minecraft:interact_with_furnace":117,"giacomos_fishing_net:interact":4,"minecraft:traded_with_villager":81,"minecraft:sleep_in_bed":23,"minecraft:waystone_activated":2,"minecraft:damage_dealt":22536,"minecraft:crouch_one_cm":106628,"minecraft:horse_one_cm":1338545,"minecraft:mob_kills":120,"minecraft:fill_cauldron":1,"minecraft:interact_with_campfire":10,"minecraft:damage_dealt_resisted":50,"minecraft:climb_one_cm":6540,"minecraft:walk_one_cm":1447197,"minecraft:damage_dealt_absorbed":71,"minecraft:raid_win":1,"minecraft:sneak_time":90892,"minecraft:walk_under_water_one_cm":69770,"minecraft:boat_one_cm":603212,"minecraft:interact_with_blast_furnace":20,"minecraft:total_world_time":1269013,"minecraft:time_since_rest":48519,"minecraft:damage_taken":10367,"minecraft:swim_one_cm":134732,"minecraft:freezer_opened":2,"minecraft:fly_one_cm":1166007,"minecraft:open_chest":223,"minecraft:fish_caught":15,"minecraft:fall_one_cm":215968},"minecraft:used":{"minecraft:iron_shovel":501,"minecraft:chest":5,"minecraft:shield":104,"minecraft:iron_sword":174,"butchersdelight:hook":8,"minecraft:bell":1,"minecraft:iron_chestplate":1,"cfm:dark_oak_upgraded_gate":5,"minecraft:carrot":9,"minecraft:milk_bucket":1,"minecraft:spruce_boat":3,"cfm:dark_oak_upgraded_fence":240,"minecraft:lava_bucket":1,"minecraft:bricks":370,"minecraft:iron_helmet":1,"farmersdelight:cutting_board":1,"minecraft:magma_block":9,"minecraft:bow":101,"minecraft:furnace":2,"minecraft:egg":2,"ava:gun_crafting_table":1,"minecraft:dark_oak_sapling":50,"elevatorid:elevator_brown":1,"minecraft:leather_leggings":2,"minecraft:stone_pickaxe":821,"minecraft:wooden_pickaxe":21,"minecraft:composter":6,"butchersdelight:skullcow":3,"minecraft:sand":1,"minecraft:blast_furnace":1,"sophisticatedbackpacks:backpack":1,"pfm:working_table":2,"minecraft:dark_oak_log":24,"minecraft:melon_slice":39,"minecraft:bread":1,"minecraft:string":1,"minecraft:lectern":14,"farmersdelight:ham":16,"pfm:dark_oak_herringbone_planks":62,"minecraft:coarse_dirt":3,"minecraft:air":2,"minecraft:bone_meal":50,"delightful:acorn":6,"minecraft:stone_sword":248,"minecraft:flint_and_steel":4,"minecraft:stone_shovel":968,"farmersdelight:rich_soil":4,"minecraft:cooked_chicken":1,"minecraft:torch":190,"storagedrawers:dark_oak_full_drawers_4":5,"minecraft:dirt":562,"farmersdelight:flint_knife":2,"minecraft:white_carpet":4,"minecraft:granite":12,"farmersdelight:rope":6,"minecraft:dark_oak_planks":127,"butchersdelight:cleaver":4,"minecraft:iron_axe":267,"comforts:sleeping_bag_white":14,"minecraft:cooked_beef":16,"minecraft:cobbled_deepslate":23,"minecraft:pointed_dripstone":1,"minecraft:iron_leggings":1,"minecraft:cooked_mutton":39,"minecraft:water_bucket":48,"minecraft:glass_bottle":17,"storagedrawers:spruce_full_drawers_4":9,"minecraft:cauldron":1,"minecraft:cobblestone_slab":17,"minecraft:leather_boots":1,"delightful:salmonberries":3,"farmersdelight:onion":1,"minecraft:crafting_table":6,"minecraft:white_bed":9,"minecraft:campfire":3,"minecraft:dark_oak_fence_gate":2,"minecraft:smoker":1,"minecraft:spruce_log":2,"exlinefurniture:spruce_log_table":4,"minecraft:apple":4,"minecraft:oxeye_daisy":1,"minecraft:iron_pickaxe":878,"minecraft:spruce_sapling":12,"minecraft:stone_axe":531,"minecraft:fishing_rod":29,"minecraft:cobblestone":286,"minecraft:potion":12,"cfm:spruce_park_bench":13,"minecraft:white_banner":5,"minecraft:cooked_porkchop":8,"minecraft:bucket":49,"minecraft:yellow_bed":1,"alexsmobs:animal_dictionary":2,"minecraft:candle":6,"butchersdelight:rack":3},"minecraft:killed_by":{"minecraft:pillager":1,"minecraft:ravager":2,"minecraft:vindicator":4,"artifacts:mimic":1,"minecraft:zombie":1,"minecraft:player":1,"minecraft:spider":2,"minecraft:skeleton":1},"minecraft:dropped":{"minecraft:iron_sword":1,"minecraft:cooked_beef":9,"minecraft:ender_pearl":4,"minecraft:diamond":8,"minecraft:crafting_table":1,"minecraft:cooked_porkchop":2,"exlinefurniture:spruce_log_table":1,"minecraft:leather":16,"minecraft:saddle":1,"artifacts:universal_attractor":1,"minecraft:red_mushroom":1,"minecraft:emerald":42,"minecraft:dirt":532,"minecraft:dark_oak_log":433,"gravestone:obituary":4,"minecraft:iron_pickaxe":2,"minecraft:dark_oak_planks":205,"minecraft:white_wool":8,"ava:packed_gunpowder":2,"minecraft:bone":1,"minecraft:sugar_cane":37,"butchersdelight:cleaver":2,"minecraft:wheat":17,"minecraft:cooked_mutton":11,"comforts:sleeping_bag_yellow":1,"ava:colt_saa":1,"minecraft:gunpowder":2,"minecraft:charcoal":95,"minecraft:leather_boots":1,"minecraft:leather_leggings":3,"minecraft:glass":9,"minecraft:lectern":1,"minecraft:iron_ingot":7,"minecraft:bookshelf":2,"minecraft:cobblestone":64,"minecraft:iron_helmet":1,"minecraft:book":1,"minecraft:coal":90,"minecraft:stick":25,"minecraft:gray_wool":2,"minecraft:brewing_stand":2,"minecraft:melon_slice":11,"farmersdelight:organic_compost":5,"minecraft:mud":1,"minecraft:bucket":4,"farmersdelight:rich_soil":13,"minecraft:spruce_sapling":16,"butchersdelight:goat_fur":1,"minecraft:stone_sword":1,"minecraft:raw_iron":1,"minecraft:stone_shovel":1,"minecraft:clay_ball":865,"sophisticatedbackpacks:backpack":2,"farmersdelight:straw":2,"cfm:dark_oak_upgraded_fence":66,"minecraft:hay_block":1,"minecraft:shield":1,"pfm:furniture_book":1,"minecraft:stone_pickaxe":1,"ava:work_hardened_iron":14,"minecraft:brick":5},"minecraft:crafted":{"minecraft:brick":587,"minecraft:oak_planks":10,"minecraft:cobblestone_slab":12,"giacomos_fishing_net:fishing_meal":3,"minecraft:stone":5,"farmersdelight:rope":8,"minecraft:bookshelf":2,"minecraft:cooked_mutton":65,"minecraft:glass":9,"ava:work_hardened_iron":30,"minecraft:iron_boots":1,"minecraft:chest":7,"ava:gun_crafting_table":1,"minecraft:bricks":193,"minecraft:smoker":1,"minecraft:emerald":65,"minecraft:cooked_porkchop":8,"minecraft:crafting_table":1,"minecraft:spruce_planks":104,"farmersdelight:flint_knife":1,"exlinefurniture:spruce_log_table":1,"minecraft:wooden_pickaxe":1,"minecraft:copper_ingot":128,"minecraft:hay_block":33,"butchersdelight:cleaver":2,"minecraft:campfire":3,"comforts:sleeping_bag_yellow":1,"minecraft:dark_oak_sapling":4,"minecraft:string":8,"minecraft:charcoal":55,"minecraft:shield":2,"minecraft:stick":68,"minecraft:iron_ingot":111,"minecraft:iron_pickaxe":2,"minecraft:stone_sword":1,"minecraft:gold_ingot":14,"minecraft:dark_oak_fence_gate":1,"storagedrawers:upgrade_template":8,"cfm:spruce_park_bench":4,"minecraft:stone_shovel":6,"minecraft:fishing_rod":1,"minecraft:leather_leggings":1,"minecraft:iron_nugget":63,"comforts:sleeping_bag_white":1,"minecraft:furnace":1,"storagedrawers:spruce_full_drawers_4":4,"minecraft:bone_meal":59,"minecraft:white_carpet":3,"storagedrawers:emerald_storage_upgrade":2,"minecraft:flint_and_steel":1,"minecraft:iron_axe":2,"storagedrawers:birch_full_drawers_2":2,"minecraft:ender_pearl":4,"minecraft:stone_pickaxe":5,"minecraft:spruce_boat":1,"minecraft:dark_oak_planks":308,"minecraft:wheat":1249,"minecraft:cooked_beef":11,"butchersdelight:hook":6,"minecraft:iron_sword":1,"minecraft:stone_axe":3,"minecraft:enchanted_book":7,"ava:packed_gunpowder":2,"minecraft:iron_shovel":2,"minecraft:torch":154},"minecraft:broken":{"minecraft:iron_shovel":2,"minecraft:stone_pickaxe":6,"minecraft:stone_axe":5,"minecraft:stone_shovel":8,"minecraft:stone_sword":1,"minecraft:shield":1,"minecraft:iron_axe":1,"minecraft:iron_pickaxe":3},"minecraft:killed":{"minecraft:skeleton":68,"artifacts:mimic":2,"minecraft:creeper":2,"minecraft:sheep":16,"minecraft:pillager":5,"minecraft:zombie":19,"minecraft:vindicator":1,"minecraft:horse":1,"minecraft:drowned":1,"minecraft:ravager":1,"alexsmobs:cockroach":1},"minecraft:mined":{"minecraft:dark_oak_planks":11,"minecraft:white_bed":8,"farmersdelight:rich_soil":14,"minecraft:sculk_vein":2,"minecraft:brewing_stand":1,"minecraft:granite":26,"minecraft:grass_block":723,"minecraft:composter":6,"minecraft:oxeye_daisy":1,"comforts:sleeping_bag_white":2,"minecraft:magma_block":6,"minecraft:cobbled_deepslate":5,"minecraft:iron_ore":83,"minecraft:fire":4,"minecraft:pointed_dripstone":2,"minecraft:water_cauldron":3,"minecraft:dirt_path":39,"minecraft:tripwire":1,"minecraft:deepslate_redstone_ore":13,"farmersdelight:organic_compost":6,"minecraft:clay":161,"minecraft:torch":23,"cfm:dark_oak_upgraded_gate":1,"minecraft:blast_furnace":1,"minecraft:melon":9,"minecraft:chest":1,"minecraft:dead_bush":1,"storagedrawers:dark_oak_full_drawers_4":1,"farmersdelight:cabbages":3,"minecraft:cobblestone":62,"minecraft:sugar_cane":20,"minecraft:bricks":26,"minecraft:wall_torch":29,"minecraft:seagrass":1,"cfm:spruce_park_bench":9,"minecraft:yellow_wool":3,"minecraft:birch_log":15,"minecraft:wheat":2,"minecraft:grass":286,"butchersdelight:hook":2,"minecraft:oak_log":49,"delightful:mini_melon":1,"minecraft:dark_oak_sapling":7,"minecraft:sand":15,"minecraft:dirt":774,"minecraft:oak_leaves":14,"minecraft:deepslate":227,"minecraft:diamond_ore":6,"minecraft:mossy_cobblestone":44,"pfm:dark_oak_herringbone_planks":4,"minecraft:dark_oak_leaves":4,"minecraft:deepslate_diamond_ore":13,"minecraft:candle":2,"butchersdelight:rack":3,"farmersdelight:wild_carrots":8,"minecraft:dark_oak_log":321,"gravestone:gravestone":20,"farmersdelight:tomatoes":4,"minecraft:spruce_leaves":5,"minecraft:large_fern":3,"minecraft:hay_block":127,"minecraft:spruce_sapling":8,"minecraft:furnace":2,"cfm:dark_oak_upgraded_fence":36,"minecraft:andesite":23,"minecraft:dark_oak_fence_gate":2,"minecraft:bell":1,"minecraft:bookshelf":4,"minecraft:deepslate_iron_ore":20,"minecraft:cobblestone_slab":12,"farmersdelight:rope":2,"minecraft:stripped_oak_log":1,"butchersdelight:skullcow":3,"minecraft:stone":632,"sophisticatedbackpacks:backpack":1,"minecraft:white_wool":3,"minecraft:podzol":3,"minecraft:stripped_dark_oak_log":1,"minecraft:crafting_table":4,"minecraft:lectern":12,"minecraft:campfire":2,"minecraft:copper_ore":202,"minecraft:tall_grass":57,"minecraft:deepslate_gold_ore":21,"farmersdelight:wild_tomatoes":1,"minecraft:lily_pad":1,"delightful:wild_salmonberries":4,"minecraft:diorite":46,"minecraft:coarse_dirt":8,"butchersdelight:deadcowblock":3,"minecraft:white_carpet":2,"minecraft:spruce_log":136,"exlinefurniture:spruce_log_table":4,"minecraft:white_wall_banner":1,"minecraft:yellow_bed":1,"pfm:working_table":2,"minecraft:coal_ore":120,"minecraft:gravel":23,"minecraft:dripstone_block":11,"storagedrawers:spruce_full_drawers_4":5,"minecraft:gold_ore":4,"minecraft:fern":14},"minecraft:picked_up":{"minecraft:iron_chestplate":1,"minecraft:wheat":5,"minecraft:yellow_wool":3,"minecraft:brewing_stand":2,"farmersdelight:cutting_board":1,"minecraft:string":10,"minecraft:raw_copper":1002,"minecraft:cooked_salmon":2,"minecraft:iron_leggings":1,"minecraft:pufferfish":2,"butchersdelight:cleaver":2,"minecraft:cobbled_deepslate":202,"minecraft:bucket":3,"comforts:sleeping_bag_white":15,"delightful:acorn":17,"minecraft:cobblestone_slab":5,"storagedrawers:dark_oak_full_drawers_4":5,"minecraft:iron_pickaxe":4,"delightful:green_tea_leaf":14,"minecraft:melon_slice":50,"farmersdelight:cabbage_seeds":6,"minecraft:furnace":3,"artifacts:universal_attractor":1,"minecraft:stick":108,"minecraft:composter":6,"minecraft:torch":47,"storagedrawers:spruce_full_drawers_4":5,"ava:work_hardened_iron":14,"minecraft:porkchop":62,"minecraft:pointed_dripstone":2,"minecraft:diorite":46,"minecraft:cauldron":3,"minecraft:stone_sword":1,"minecraft:rotten_flesh":17,"minecraft:tropical_fish":1,"artifacts:villager_hat":1,"farmersdelight:rope":66,"minecraft:snowball":16,"minecraft:cod":10,"minecraft:cobblestone":730,"minecraft:birch_log":15,"minecraft:magma_block":12,"minecraft:cooked_beef":14,"minecraft:andesite":23,"minecraft:brown_wool":1,"butchersdelight:deadpig":8,"minecraft:flint":6,"butchersdelight:goat_fur":2,"farmersdelight:tomato":1,"minecraft:dirt":1608,"minecraft:leather_boots":1,"minecraft:bone":130,"minecraft:bow":5,"delightful:mini_melon":1,"minecraft:wheat_seeds":48,"minecraft:raw_gold":25,"minecraft:bell":1,"artifacts:antidote_vessel":1,"minecraft:cooked_porkchop":14,"butchersdelight:cow_hide":7,"butchersdelight:skullcow":11,"minecraft:sand":15,"sophisticatedbackpacks:iron_backpack":2,"farmersdelight:ham":16,"minecraft:dark_oak_log":454,"minecraft:mossy_cobblestone":38,"exlinefurniture:spruce_log_table":4,"artifacts:crystal_heart":1,"minecraft:diamond":24,"minecraft:spruce_boat":3,"minecraft:granite":26,"minecraft:bone_meal":1,"butchersdelight:deadllama":2,"minecraft:emerald":70,"pfm:furniture_book":1,"butchersdelight:hook":2,"minecraft:oak_sapling":23,"minecraft:bricks":177,"minecraft:oak_leaves":21,"minecraft:charcoal":52,"minecraft:fishing_rod":1,"minecraft:mud":1,"minecraft:crafting_table":6,"minecraft:coarse_dirt":8,"cfm:spruce_park_bench":9,"minecraft:clay_ball":1040,"minecraft:leather_leggings":1,"pfm:dark_oak_herringbone_planks":117,"gravestone:obituary":4,"minecraft:brick":2,"minecraft:white_carpet":1,"butchersdelight:dead_cow":20,"minecraft:candle":6,"minecraft:beef":34,"farmersdelight:straw":3,"minecraft:lectern":15,"minecraft:sugar_cane":36,"minecraft:chest":4,"minecraft:birch_sapling":5,"minecraft:egg":4,"minecraft:dark_oak_sapling":47,"minecraft:raw_iron":103,"sophisticatedbackpacks:backpack":3,"farmersdelight:tomato_seeds":11,"minecraft:carrot":13,"minecraft:redstone":55,"minecraft:iron_horse_armor":1,"minecraft:dark_oak_planks":45,"artifacts:snorkel":1,"minecraft:arrow":113,"butchersdelight:deadsheep":19,"minecraft:stone_shovel":2,"minecraft:shears":2,"minecraft:hay_block":126,"pfm:working_table":2,"minecraft:saddle":3,"minecraft:mutton":69,"cfm:dark_oak_upgraded_fence":306,"minecraft:white_wool":23,"minecraft:oxeye_daisy":1,"farmersdelight:rich_soil":28,"minecraft:birch_leaves":16,"minecraft:salmon":2,"minecraft:leather":39,"minecraft:red_mushroom":5,"cfm:dark_oak_upgraded_gate":5,"minecraft:oak_log":49,"minecraft:lily_pad":2,"minecraft:yellow_bed":1,"minecraft:gunpowder":6,"butchersdelight:rack":3,"minecraft:white_banner":5,"elevatorid:elevator_brown":1,"minecraft:cooked_mutton":7,"farmersdelight:organic_compost":4,"minecraft:apple":6,"minecraft:iron_ingot":12,"minecraft:stone_pickaxe":2,"ava:colt_saa":1,"minecraft:iron_sword":1,"minecraft:book":13,"minecraft:milk_bucket":1,"minecraft:dandelion":2,"minecraft:dripstone_block":11,"minecraft:gravel":17,"minecraft:lava_bucket":1,"minecraft:spruce_sapling":33,"minecraft:blast_furnace":1,"delightful:salmonberries":3,"minecraft:white_bed":9,"minecraft:spruce_log":158,"minecraft:dark_oak_fence_gate":2,"butchersdelight:sheephide":21,"minecraft:stone_axe":2,"minecraft:iron_helmet":2,"minecraft:gray_wool":3,"minecraft:black_wool":2,"minecraft:stripped_dark_oak_log":1,"minecraft:coal":348}},"DataVersion":3465}