{"stats":{"minecraft:killed":{"minecraft:horse":1,"minecraft:drowned":1,"minecraft:sheep":8,"minecraft:zombie":1},"minecraft:picked_up":{"toughasnails:leaf_leggings":2,"minecraft:mud":1,"minecraft:fishing_rod":1,"minecraft:charcoal":50,"minecraft:crafting_table":4,"minecraft:coarse_dirt":8,"cfm:spruce_park_bench":9,"minecraft:clay_ball":1040,"minecraft:leather_leggings":1,"minecraft:yellow_wool":3,"pfm:dark_oak_herringbone_planks":2,"gravestone:obituary":4,"minecraft:brewing_stand":2,"minecraft:brick":2,"minecraft:string":1,"minecraft:cooked_salmon":2,"minecraft:pufferfish":2,"butchersdelight:cleaver":1,"butchersdelight:dead_cow":9,"delightful:acorn":17,"comforts:sleeping_bag_white":13,"toughasnails:leaf_boots":1,"minecraft:beef":18,"farmersdelight:straw":3,"minecraft:melon_slice":39,"minecraft:sugar_cane":36,"delightful:green_tea_leaf":14,"minecraft:birch_sapling":5,"farmersdelight:cabbage_seeds":3,"minecraft:dark_oak_sapling":47,"minecraft:egg":1,"minecraft:furnace":2,"minecraft:stick":56,"minecraft:raw_iron":1,"minecraft:torch":9,"sophisticatedbackpacks:backpack":3,"minecraft:porkchop":14,"farmersdelight:tomato_seeds":5,"minecraft:carrot":9,"toughasnails:empty_canteen":1,"minecraft:rotten_flesh":2,"minecraft:stone_shovel":2,"minecraft:arrow":1,"butchersdelight:deadsheep":11,"minecraft:tropical_fish":1,"artifacts:villager_hat":1,"minecraft:shears":1,"minecraft:hay_block":125,"farmersdelight:rope":64,"minecraft:saddle":3,"minecraft:oxeye_daisy":1,"minecraft:mutton":25,"minecraft:cobblestone":174,"minecraft:cod":10,"minecraft:white_wool":16,"minecraft:birch_log":15,"farmersdelight:rich_soil":28,"minecraft:cooked_beef":11,"toughasnails:wool_leggings":1,"minecraft:salmon":2,"minecraft:leather":14,"minecraft:red_mushroom":5,"toughasnails:leaf_helmet":1,"butchersdelight:deadpig":4,"minecraft:flint":4,"minecraft:oak_log":49,"minecraft:lily_pad":2,"butchersdelight:rack":3,"butchersdelight:goat_fur":2,"farmersdelight:tomato":1,"minecraft:dirt":1178,"minecraft:leather_boots":1,"farmersdelight:organic_compost":4,"minecraft:cooked_mutton":5,"minecraft:bone":13,"minecraft:apple":6,"delightful:mini_melon":1,"minecraft:wheat_seeds":37,"minecraft:iron_ingot":4,"minecraft:stone_pickaxe":1,"toughasnails:leaf_chestplate":1,"minecraft:cooked_porkchop":6,"minecraft:dandelion":2,"minecraft:dripstone_block":4,"butchersdelight:cow_hide":3,"butchersdelight:skullcow":7,"minecraft:gravel":11,"minecraft:sand":14,"minecraft:spruce_sapling":33,"delightful:salmonberries":3,"minecraft:white_bed":3,"minecraft:spruce_log":158,"minecraft:dark_oak_log":452,"farmersdelight:ham":4,"exlinefurniture:spruce_log_table":2,"butchersdelight:sheephide":10,"toughasnails:water_purifier":1,"minecraft:spruce_boat":3,"minecraft:stone_axe":2,"minecraft:gray_wool":3,"butchersdelight:hook":2,"butchersdelight:deadllama":2,"minecraft:bricks":177,"minecraft:stripped_dark_oak_log":1,"minecraft:oak_sapling":23,"minecraft:black_wool":2,"minecraft:coal":160,"minecraft:wheat":2},"minecraft:dropped":{"minecraft:iron_ingot":4,"minecraft:cooked_beef":9,"minecraft:crafting_table":1,"minecraft:leather":3,"minecraft:coal":90,"minecraft:dirt":531,"minecraft:gray_wool":2,"minecraft:dark_oak_log":433,"minecraft:brewing_stand":2,"farmersdelight:organic_compost":4,"gravestone:obituary":4,"minecraft:mud":1,"toughasnails:leaf_leggings":2,"minecraft:dark_oak_planks":4,"farmersdelight:rich_soil":13,"minecraft:white_wool":8,"minecraft:spruce_sapling":16,"minecraft:bone":1,"butchersdelight:goat_fur":1,"toughasnails:empty_canteen":1,"minecraft:sugar_cane":6,"minecraft:stone_shovel":1,"minecraft:wheat":2,"butchersdelight:cleaver":2,"minecraft:raw_iron":1,"minecraft:clay_ball":865,"sophisticatedbackpacks:backpack":1,"farmersdelight:straw":2,"minecraft:cooked_mutton":9,"comforts:sleeping_bag_yellow":1,"minecraft:shield":1,"minecraft:charcoal":48,"minecraft:leather_leggings":2,"minecraft:glass":9,"minecraft:brick":5},"minecraft:used":{"minecraft:stone_sword":151,"minecraft:iron_shovel":251,"toughasnails:leaf_helmet":1,"toughasnails:water_purifier":1,"minecraft:stone_shovel":849,"minecraft:chest":1,"butchersdelight:hook":8,"farmersdelight:rich_soil":4,"toughasnails:leaf_boots":1,"toughasnails:wool_leggings":1,"minecraft:cooked_chicken":1,"minecraft:torch":28,"minecraft:dirt":506,"farmersdelight:flint_knife":2,"toughasnails:empty_canteen":12,"minecraft:carrot":9,"farmersdelight:rope":6,"minecraft:spruce_boat":3,"butchersdelight:cleaver":4,"minecraft:bricks":370,"minecraft:iron_axe":256,"minecraft:furnace":2,"minecraft:egg":1,"comforts:sleeping_bag_white":13,"minecraft:cooked_beef":13,"minecraft:dark_oak_sapling":50,"minecraft:cooked_mutton":6,"minecraft:leather_leggings":1,"toughasnails:leaf_leggings":2,"minecraft:glass_bottle":17,"minecraft:stone_pickaxe":250,"minecraft:wooden_pickaxe":21,"toughasnails:water_canteen":42,"butchersdelight:skullcow":3,"delightful:salmonberries":3,"farmersdelight:onion":1,"minecraft:crafting_table":4,"toughasnails:wool_helmet":1,"minecraft:white_bed":3,"minecraft:campfire":3,"minecraft:spruce_log":2,"minecraft:bread":1,"sophisticatedbackpacks:backpack":1,"exlinefurniture:spruce_log_table":3,"minecraft:oxeye_daisy":1,"minecraft:apple":3,"minecraft:melon_slice":28,"minecraft:dark_oak_log":21,"minecraft:string":1,"minecraft:spruce_sapling":12,"toughasnails:leaf_chestplate":1,"farmersdelight:ham":4,"minecraft:stone_axe":342,"pfm:dark_oak_herringbone_planks":2,"minecraft:fishing_rod":29,"minecraft:cobblestone":9,"minecraft:potion":12,"cfm:spruce_park_bench":13,"toughasnails:purified_water_bottle":6,"minecraft:cooked_porkchop":2,"toughasnails:purified_water_canteen":33,"butchersdelight:rack":3,"minecraft:air":2,"minecraft:coarse_dirt":3,"minecraft:bone_meal":50,"delightful:acorn":6},"minecraft:killed_by":{"minecraft:spider":2,"minecraft:skeleton":1},"minecraft:crafted":{"minecraft:brick":587,"cfm:spruce_park_bench":4,"minecraft:oak_planks":10,"minecraft:stone_shovel":6,"minecraft:fishing_rod":1,"minecraft:iron_nugget":63,"minecraft:leather_leggings":1,"comforts:sleeping_bag_white":1,"giacomos_fishing_net:fishing_meal":3,"minecraft:furnace":1,"minecraft:stone":5,"minecraft:bone_meal":59,"farmersdelight:rope":8,"minecraft:cooked_mutton":13,"storagedrawers:emerald_storage_upgrade":2,"minecraft:glass":9,"minecraft:iron_axe":1,"storagedrawers:birch_full_drawers_2":2,"minecraft:stone_pickaxe":1,"minecraft:chest":3,"minecraft:spruce_boat":1,"minecraft:bricks":193,"minecraft:dark_oak_planks":4,"minecraft:wheat":826,"minecraft:cooked_beef":11,"toughasnails:wool_helmet":1,"minecraft:emerald":33,"minecraft:cooked_porkchop":8,"butchersdelight:hook":6,"minecraft:crafting_table":1,"minecraft:spruce_planks":104,"exlinefurniture:spruce_log_table":1,"farmersdelight:flint_knife":1,"minecraft:wooden_pickaxe":1,"minecraft:hay_block":33,"minecraft:campfire":3,"minecraft:stone_axe":3,"comforts:sleeping_bag_yellow":1,"minecraft:dark_oak_sapling":4,"minecraft:string":8,"minecraft:charcoal":55,"minecraft:shield":2,"minecraft:stick":28,"minecraft:iron_ingot":5,"minecraft:stone_sword":1,"minecraft:iron_shovel":1,"minecraft:torch":46,"storagedrawers:upgrade_template":8,"toughasnails:empty_canteen":2},"minecraft:broken":{"minecraft:iron_shovel":1,"toughasnails:leaf_boots":1,"toughasnails:water_canteen":5,"minecraft:stone_pickaxe":1,"minecraft:iron_axe":1,"minecraft:stone_axe":3,"toughasnails:purified_water_canteen":6,"minecraft:stone_shovel":5},"minecraft:custom":{"minecraft:mob_kills":11,"minecraft:animals_bred":1,"minecraft:interact_with_crafting_table":45,"minecraft:interact_with_campfire":10,"minecraft:bell_ring":4,"minecraft:damage_dealt_resisted":50,"minecraft:leave_game":2,"minecraft:time_since_death":211763,"minecraft:climb_one_cm":3184,"minecraft:sprint_one_cm":673322,"minecraft:walk_one_cm":666555,"minecraft:drop":104,"minecraft:damage_dealt_absorbed":71,"minecraft:talked_to_villager":37,"minecraft:play_time":629523,"minecraft:deaths":12,"minecraft:sneak_time":38071,"minecraft:walk_under_water_one_cm":35318,"minecraft:boat_one_cm":603212,"minecraft:jump":4582,"minecraft:walk_on_water_one_cm":63225,"minecraft:total_world_time":629523,"minecraft:interact_with_furnace":96,"giacomos_fishing_net:interact":4,"minecraft:traded_with_villager":38,"minecraft:sleep_in_bed":19,"minecraft:time_since_rest":161859,"minecraft:waystone_activated":2,"minecraft:damage_taken":4667,"minecraft:damage_dealt":3039,"minecraft:swim_one_cm":78170,"minecraft:fly_one_cm":573401,"minecraft:open_chest":103,"minecraft:crouch_one_cm":51316,"minecraft:fish_caught":15,"minecraft:fall_one_cm":103618,"minecraft:horse_one_cm":255725},"minecraft:mined":{"minecraft:white_bed":3,"farmersdelight:rich_soil":14,"pfm:dark_oak_herringbone_planks":1,"minecraft:dark_oak_leaves":4,"butchersdelight:rack":3,"farmersdelight:wild_carrots":8,"minecraft:dark_oak_log":318,"minecraft:brewing_stand":1,"gravestone:gravestone":10,"minecraft:grass_block":671,"farmersdelight:tomatoes":4,"minecraft:spruce_leaves":5,"minecraft:oxeye_daisy":1,"comforts:sleeping_bag_white":2,"minecraft:large_fern":3,"minecraft:hay_block":126,"minecraft:spruce_sapling":8,"minecraft:furnace":1,"minecraft:iron_ore":1,"minecraft:fire":4,"minecraft:pointed_dripstone":1,"minecraft:dirt_path":39,"minecraft:stripped_oak_log":1,"butchersdelight:skullcow":3,"minecraft:stone":115,"sophisticatedbackpacks:backpack":1,"minecraft:white_wool":3,"minecraft:tripwire":1,"minecraft:podzol":3,"farmersdelight:organic_compost":6,"toughasnails:water_purifier":1,"minecraft:stripped_dark_oak_log":1,"minecraft:clay":161,"minecraft:crafting_table":3,"minecraft:torch":4,"minecraft:melon":9,"minecraft:dead_bush":1,"minecraft:campfire":1,"farmersdelight:cabbages":3,"minecraft:tall_grass":36,"farmersdelight:wild_tomatoes":1,"minecraft:lily_pad":1,"minecraft:sugar_cane":20,"minecraft:bricks":26,"delightful:wild_salmonberries":4,"minecraft:wall_torch":5,"minecraft:seagrass":1,"cfm:spruce_park_bench":9,"minecraft:coarse_dirt":8,"butchersdelight:deadcowblock":1,"minecraft:yellow_wool":3,"minecraft:birch_log":15,"minecraft:wheat":2,"minecraft:spruce_log":136,"exlinefurniture:spruce_log_table":2,"minecraft:grass":230,"butchersdelight:hook":2,"minecraft:oak_log":49,"minecraft:coal_ore":44,"delightful:mini_melon":1,"minecraft:dark_oak_sapling":7,"minecraft:dripstone_block":4,"minecraft:gravel":15,"minecraft:sand":14,"minecraft:dirt":355,"minecraft:oak_leaves":12,"minecraft:fern":14}},"DataVersion":3465}