{"stats":{"minecraft:used":{"minecraft:spruce_boat":1,"minecraft:stone_sword":12,"minecraft:stone_pickaxe":37,"minecraft:wooden_pickaxe":21,"minecraft:stone_axe":79,"minecraft:dirt":1,"minecraft:crafting_table":3,"minecraft:furnace":2,"minecraft:carrot":2,"minecraft:coarse_dirt":3,"minecraft:spruce_log":2},"minecraft:mined":{"minecraft:podzol":3,"minecraft:large_fern":1,"minecraft:hay_block":8,"minecraft:coarse_dirt":8,"minecraft:furnace":1,"minecraft:yellow_wool":3,"farmersdelight:wild_carrots":8,"minecraft:spruce_log":67,"minecraft:crafting_table":2,"gravestone:gravestone":5,"minecraft:grass":13,"minecraft:dirt_path":2,"minecraft:grass_block":2,"minecraft:coal_ore":7,"minecraft:oak_log":6,"minecraft:sand":14,"minecraft:dirt":24,"minecraft:tall_grass":1,"minecraft:spruce_leaves":3,"minecraft:white_wool":3,"minecraft:stone":30,"minecraft:sugar_cane":12,"minecraft:fern":14},"minecraft:killed_by":{"minecraft:skeleton":1,"minecraft:spider":2},"minecraft:custom":{"minecraft:time_since_rest":1758,"minecraft:interact_with_furnace":5,"minecraft:sprint_one_cm":30228,"minecraft:damage_taken":2040,"minecraft:walk_one_cm":53978,"minecraft:damage_dealt":121,"minecraft:swim_one_cm":9721,"minecraft:damage_dealt_absorbed":71,"minecraft:interact_with_crafting_table":5,"minecraft:fly_one_cm":8899,"minecraft:crouch_one_cm":721,"minecraft:play_time":34307,"minecraft:deaths":7,"minecraft:sneak_time":1662,"minecraft:walk_under_water_one_cm":3832,"minecraft:boat_one_cm":68554,"minecraft:jump":348,"minecraft:damage_dealt_resisted":50,"minecraft:walk_on_water_one_cm":7096,"minecraft:time_since_death":16871,"minecraft:sleep_in_bed":1,"minecraft:climb_one_cm":328,"minecraft:total_world_time":34307,"minecraft:fall_one_cm":5726},"minecraft:crafted":{"minecraft:glass":9,"comforts:sleeping_bag_yellow":1,"minecraft:crafting_table":1,"minecraft:spruce_planks":24,"minecraft:stick":8,"comforts:sleeping_bag_white":1,"minecraft:wooden_pickaxe":1,"minecraft:stone_pickaxe":1,"minecraft:stone_sword":1,"minecraft:furnace":1,"minecraft:spruce_boat":1,"minecraft:stone":5,"minecraft:stone_axe":1},"minecraft:picked_up":{"minecraft:crafting_table":2,"minecraft:stick":10,"minecraft:coarse_dirt":8,"minecraft:yellow_wool":3,"minecraft:sand":14,"minecraft:oak_log":6,"minecraft:spruce_sapling":17,"minecraft:carrot":9,"minecraft:spruce_log":65,"minecraft:dirt":30,"minecraft:apple":1,"minecraft:wheat_seeds":8,"minecraft:hay_block":8,"minecraft:oak_sapling":2,"delightful:green_tea_leaf":2,"minecraft:sugar_cane":28,"minecraft:coal":7,"minecraft:white_wool":3,"minecraft:cobblestone":30,"minecraft:furnace":2}},"DataVersion":3465}