{"stats":{"minecraft:used":{"minecraft:crafting_table":1,"minecraft:wooden_pickaxe":21,"minecraft:spruce_log":2},"minecraft:mined":{"gravestone:gravestone":1,"minecraft:large_fern":1,"minecraft:coarse_dirt":3,"minecraft:dirt":11,"minecraft:stone":21,"minecraft:spruce_leaves":1,"minecraft:spruce_log":8,"minecraft:fern":3},"minecraft:custom":{"minecraft:time_since_rest":1588,"minecraft:crouch_one_cm":280,"minecraft:play_time":10307,"minecraft:sprint_one_cm":683,"minecraft:deaths":1,"minecraft:damage_taken":500,"minecraft:walk_one_cm":4599,"minecraft:sneak_time":829,"minecraft:jump":78,"minecraft:time_since_death":1561,"minecraft:total_world_time":10307,"minecraft:interact_with_crafting_table":2,"minecraft:fall_one_cm":1877,"minecraft:fly_one_cm":56},"minecraft:crafted":{"minecraft:crafting_table":1,"minecraft:spruce_planks":24,"minecraft:wooden_pickaxe":1},"minecraft:picked_up":{"minecraft:stick":2,"minecraft:coarse_dirt":3,"minecraft:wheat_seeds":2,"minecraft:spruce_sapling":3,"minecraft:spruce_log":8,"minecraft:dirt":11,"minecraft:cobblestone":21}},"DataVersion":3465}