{"stats":{"minecraft:killed":{"minecraft:sheep":16,"minecraft:zombie":1,"minecraft:horse":1,"minecraft:drowned":1},"minecraft:picked_up":{"toughasnails:leaf_leggings":2,"minecraft:wheat":2,"minecraft:yellow_wool":3,"minecraft:brewing_stand":2,"minecraft:string":1,"minecraft:cooked_salmon":2,"minecraft:pufferfish":2,"butchersdelight:cleaver":1,"comforts:sleeping_bag_white":13,"delightful:acorn":17,"toughasnails:leaf_boots":1,"delightful:green_tea_leaf":14,"minecraft:melon_slice":50,"farmersdelight:cabbage_seeds":3,"minecraft:furnace":2,"minecraft:stick":56,"minecraft:torch":16,"minecraft:porkchop":14,"minecraft:rotten_flesh":2,"minecraft:tropical_fish":1,"artifacts:villager_hat":1,"farmersdelight:rope":66,"minecraft:cod":10,"minecraft:cobblestone":174,"minecraft:birch_log":15,"minecraft:cooked_beef":11,"minecraft:brown_wool":1,"toughasnails:leaf_helmet":1,"minecraft:flint":4,"butchersdelight:deadpig":8,"butchersdelight:goat_fur":2,"farmersdelight:tomato":1,"minecraft:dirt":1179,"minecraft:leather_boots":1,"minecraft:bone":13,"delightful:mini_melon":1,"minecraft:wheat_seeds":43,"minecraft:cooked_porkchop":6,"butchersdelight:skullcow":7,"butchersdelight:cow_hide":3,"minecraft:sand":14,"sophisticatedbackpacks:iron_backpack":1,"farmersdelight:ham":4,"minecraft:dark_oak_log":452,"exlinefurniture:spruce_log_table":3,"toughasnails:water_purifier":1,"minecraft:spruce_boat":3,"butchersdelight:deadllama":2,"minecraft:oak_sapling":23,"pfm:furniture_book":1,"butchersdelight:hook":2,"minecraft:bricks":177,"minecraft:charcoal":50,"minecraft:fishing_rod":1,"minecraft:mud":1,"minecraft:coarse_dirt":8,"minecraft:crafting_table":4,"cfm:spruce_park_bench":9,"minecraft:clay_ball":1040,"minecraft:leather_leggings":1,"pfm:dark_oak_herringbone_planks":2,"gravestone:obituary":4,"minecraft:brick":2,"minecraft:white_carpet":1,"butchersdelight:dead_cow":9,"minecraft:beef":18,"farmersdelight:straw":3,"minecraft:sugar_cane":36,"minecraft:birch_sapling":5,"minecraft:egg":2,"minecraft:dark_oak_sapling":47,"minecraft:raw_iron":1,"sophisticatedbackpacks:backpack":3,"farmersdelight:tomato_seeds":5,"minecraft:carrot":9,"toughasnails:empty_canteen":1,"minecraft:arrow":1,"butchersdelight:deadsheep":19,"minecraft:stone_shovel":2,"minecraft:shears":1,"minecraft:hay_block":125,"minecraft:saddle":3,"minecraft:mutton":25,"minecraft:white_wool":23,"cfm:dark_oak_upgraded_fence":273,"minecraft:oxeye_daisy":1,"farmersdelight:rich_soil":28,"minecraft:salmon":2,"toughasnails:wool_leggings":1,"minecraft:leather":14,"minecraft:red_mushroom":5,"minecraft:oak_log":49,"minecraft:lily_pad":2,"butchersdelight:rack":3,"minecraft:cooked_mutton":5,"farmersdelight:organic_compost":4,"minecraft:apple":6,"minecraft:iron_ingot":4,"minecraft:stone_pickaxe":1,"toughasnails:leaf_chestplate":1,"minecraft:dandelion":2,"minecraft:dripstone_block":4,"minecraft:gravel":11,"minecraft:spruce_sapling":33,"delightful:salmonberries":3,"minecraft:white_bed":3,"minecraft:spruce_log":158,"butchersdelight:sheephide":10,"minecraft:stone_axe":2,"minecraft:gray_wool":3,"minecraft:black_wool":2,"minecraft:stripped_dark_oak_log":1,"minecraft:coal":160},"minecraft:dropped":{"minecraft:cooked_beef":9,"minecraft:crafting_table":1,"minecraft:leather":3,"minecraft:saddle":1,"minecraft:dirt":531,"minecraft:dark_oak_log":433,"gravestone:obituary":4,"minecraft:dark_oak_planks":4,"minecraft:white_wool":8,"minecraft:bone":1,"minecraft:sugar_cane":6,"butchersdelight:cleaver":2,"minecraft:wheat":2,"minecraft:cooked_mutton":9,"comforts:sleeping_bag_yellow":1,"minecraft:charcoal":48,"minecraft:leather_leggings":2,"minecraft:glass":9,"minecraft:iron_ingot":4,"minecraft:coal":90,"minecraft:gray_wool":2,"minecraft:brewing_stand":2,"minecraft:melon_slice":11,"farmersdelight:organic_compost":4,"minecraft:mud":1,"toughasnails:leaf_leggings":2,"farmersdelight:rich_soil":13,"minecraft:spruce_sapling":16,"butchersdelight:goat_fur":1,"toughasnails:empty_canteen":1,"minecraft:raw_iron":1,"minecraft:stone_shovel":1,"minecraft:clay_ball":865,"sophisticatedbackpacks:backpack":2,"farmersdelight:straw":2,"minecraft:shield":1,"pfm:furniture_book":1,"minecraft:brick":5},"minecraft:used":{"minecraft:iron_shovel":251,"minecraft:chest":1,"butchersdelight:hook":8,"minecraft:carrot":9,"minecraft:spruce_boat":3,"cfm:dark_oak_upgraded_fence":199,"minecraft:bricks":370,"minecraft:furnace":2,"minecraft:egg":2,"minecraft:dark_oak_sapling":50,"minecraft:leather_leggings":1,"minecraft:stone_pickaxe":250,"minecraft:wooden_pickaxe":21,"toughasnails:water_canteen":42,"butchersdelight:skullcow":3,"toughasnails:wool_helmet":1,"sophisticatedbackpacks:backpack":1,"minecraft:dark_oak_log":21,"minecraft:melon_slice":39,"minecraft:bread":1,"minecraft:string":1,"farmersdelight:ham":4,"pfm:dark_oak_herringbone_planks":2,"minecraft:air":2,"minecraft:coarse_dirt":3,"minecraft:bone_meal":50,"delightful:acorn":6,"minecraft:stone_sword":151,"toughasnails:leaf_helmet":1,"toughasnails:water_purifier":1,"minecraft:stone_shovel":849,"farmersdelight:rich_soil":4,"toughasnails:leaf_boots":1,"toughasnails:wool_leggings":1,"minecraft:cooked_chicken":1,"minecraft:torch":30,"minecraft:dirt":518,"farmersdelight:flint_knife":2,"minecraft:white_carpet":3,"toughasnails:empty_canteen":12,"farmersdelight:rope":6,"butchersdelight:cleaver":4,"minecraft:iron_axe":256,"comforts:sleeping_bag_white":13,"minecraft:cooked_beef":13,"minecraft:cooked_mutton":9,"toughasnails:leaf_leggings":2,"minecraft:glass_bottle":17,"storagedrawers:spruce_full_drawers_4":4,"delightful:salmonberries":3,"farmersdelight:onion":1,"minecraft:crafting_table":4,"minecraft:campfire":3,"minecraft:white_bed":3,"minecraft:spruce_log":2,"exlinefurniture:spruce_log_table":3,"minecraft:apple":3,"minecraft:oxeye_daisy":1,"toughasnails:leaf_chestplate":1,"minecraft:spruce_sapling":12,"minecraft:stone_axe":406,"minecraft:fishing_rod":29,"minecraft:cobblestone":9,"minecraft:potion":12,"cfm:spruce_park_bench":13,"toughasnails:purified_water_bottle":6,"minecraft:cooked_porkchop":2,"toughasnails:purified_water_canteen":37,"butchersdelight:rack":3},"minecraft:killed_by":{"minecraft:spider":2,"minecraft:skeleton":1},"minecraft:crafted":{"minecraft:brick":587,"minecraft:oak_planks":10,"giacomos_fishing_net:fishing_meal":3,"minecraft:stone":5,"farmersdelight:rope":8,"minecraft:cooked_mutton":13,"minecraft:glass":9,"minecraft:chest":7,"minecraft:bricks":193,"minecraft:emerald":33,"minecraft:cooked_porkchop":8,"minecraft:crafting_table":1,"minecraft:spruce_planks":104,"farmersdelight:flint_knife":1,"exlinefurniture:spruce_log_table":1,"minecraft:wooden_pickaxe":1,"minecraft:hay_block":33,"minecraft:campfire":3,"comforts:sleeping_bag_yellow":1,"minecraft:dark_oak_sapling":4,"minecraft:string":8,"minecraft:charcoal":55,"minecraft:shield":2,"minecraft:stick":68,"minecraft:iron_ingot":5,"minecraft:stone_sword":1,"storagedrawers:upgrade_template":8,"toughasnails:empty_canteen":2,"cfm:spruce_park_bench":4,"minecraft:stone_shovel":6,"minecraft:fishing_rod":1,"minecraft:leather_leggings":1,"minecraft:iron_nugget":63,"comforts:sleeping_bag_white":1,"minecraft:furnace":1,"storagedrawers:spruce_full_drawers_4":4,"minecraft:bone_meal":59,"minecraft:white_carpet":3,"storagedrawers:emerald_storage_upgrade":2,"minecraft:iron_axe":1,"storagedrawers:birch_full_drawers_2":2,"minecraft:stone_pickaxe":1,"minecraft:spruce_boat":1,"minecraft:dark_oak_planks":4,"minecraft:wheat":826,"minecraft:cooked_beef":11,"toughasnails:wool_helmet":1,"butchersdelight:hook":6,"minecraft:stone_axe":3,"minecraft:iron_shovel":1,"minecraft:torch":46},"minecraft:broken":{"minecraft:iron_shovel":1,"toughasnails:leaf_boots":1,"minecraft:stone_pickaxe":1,"minecraft:stone_axe":3,"minecraft:stone_shovel":5,"toughasnails:water_canteen":5,"minecraft:iron_axe":1,"toughasnails:purified_water_canteen":7},"minecraft:custom":{"minecraft:animals_bred":1,"minecraft:interact_with_crafting_table":47,"minecraft:bell_ring":4,"minecraft:leave_game":2,"minecraft:time_since_death":265763,"minecraft:sprint_one_cm":847498,"minecraft:drop":108,"minecraft:talked_to_villager":37,"minecraft:play_time":683523,"minecraft:deaths":12,"minecraft:jump":5004,"minecraft:walk_on_water_one_cm":65212,"minecraft:interact_with_furnace":96,"giacomos_fishing_net:interact":4,"minecraft:traded_with_villager":38,"minecraft:sleep_in_bed":20,"minecraft:waystone_activated":2,"minecraft:damage_dealt":4178,"minecraft:crouch_one_cm":65771,"minecraft:horse_one_cm":460095,"minecraft:mob_kills":19,"minecraft:interact_with_campfire":10,"minecraft:damage_dealt_resisted":50,"minecraft:climb_one_cm":4788,"minecraft:walk_one_cm":718125,"minecraft:damage_dealt_absorbed":71,"minecraft:sneak_time":44387,"minecraft:walk_under_water_one_cm":35639,"minecraft:boat_one_cm":603212,"minecraft:total_world_time":683523,"minecraft:time_since_rest":21784,"minecraft:damage_taken":4817,"minecraft:swim_one_cm":80833,"minecraft:fly_one_cm":661051,"minecraft:open_chest":117,"minecraft:fish_caught":15,"minecraft:fall_one_cm":117153},"minecraft:mined":{"minecraft:white_bed":3,"farmersdelight:rich_soil":14,"minecraft:brewing_stand":1,"minecraft:grass_block":671,"minecraft:oxeye_daisy":1,"comforts:sleeping_bag_white":2,"minecraft:iron_ore":1,"minecraft:fire":4,"minecraft:pointed_dripstone":1,"minecraft:dirt_path":39,"minecraft:tripwire":1,"farmersdelight:organic_compost":6,"minecraft:clay":161,"minecraft:torch":12,"minecraft:melon":9,"minecraft:dead_bush":1,"farmersdelight:cabbages":3,"minecraft:sugar_cane":20,"minecraft:bricks":26,"minecraft:wall_torch":6,"minecraft:seagrass":1,"cfm:spruce_park_bench":9,"minecraft:birch_log":15,"minecraft:yellow_wool":3,"minecraft:wheat":2,"minecraft:grass":245,"butchersdelight:hook":2,"minecraft:oak_log":49,"delightful:mini_melon":1,"minecraft:dark_oak_sapling":7,"minecraft:sand":14,"minecraft:dirt":356,"minecraft:oak_leaves":14,"minecraft:dark_oak_leaves":4,"pfm:dark_oak_herringbone_planks":1,"butchersdelight:rack":3,"farmersdelight:wild_carrots":8,"minecraft:dark_oak_log":318,"gravestone:gravestone":10,"farmersdelight:tomatoes":4,"minecraft:spruce_leaves":5,"minecraft:large_fern":3,"minecraft:hay_block":126,"minecraft:spruce_sapling":8,"minecraft:furnace":1,"cfm:dark_oak_upgraded_fence":10,"farmersdelight:rope":2,"minecraft:stripped_oak_log":1,"butchersdelight:skullcow":3,"minecraft:stone":115,"sophisticatedbackpacks:backpack":1,"minecraft:white_wool":3,"minecraft:podzol":3,"toughasnails:water_purifier":1,"minecraft:stripped_dark_oak_log":1,"minecraft:crafting_table":3,"minecraft:campfire":1,"minecraft:tall_grass":48,"farmersdelight:wild_tomatoes":1,"minecraft:lily_pad":1,"delightful:wild_salmonberries":4,"minecraft:coarse_dirt":8,"butchersdelight:deadcowblock":1,"minecraft:white_carpet":1,"minecraft:spruce_log":136,"exlinefurniture:spruce_log_table":3,"minecraft:coal_ore":44,"minecraft:gravel":15,"minecraft:dripstone_block":4,"minecraft:fern":14}},"DataVersion":3465}