{"stats":{"minecraft:used":{"minecraft:stone_sword":120,"toughasnails:leaf_helmet":1,"minecraft:stone_shovel":403,"minecraft:chest":1,"toughasnails:leaf_boots":1,"minecraft:torch":9,"minecraft:dirt":419,"farmersdelight:flint_knife":2,"minecraft:carrot":9,"minecraft:spruce_boat":1,"minecraft:furnace":2,"comforts:sleeping_bag_white":10,"minecraft:cooked_beef":2,"minecraft:leather_leggings":1,"toughasnails:leaf_leggings":2,"minecraft:glass_bottle":15,"minecraft:stone_pickaxe":118,"minecraft:wooden_pickaxe":21,"minecraft:crafting_table":3,"minecraft:campfire":2,"minecraft:spruce_log":2,"sophisticatedbackpacks:backpack":1,"exlinefurniture:spruce_log_table":1,"minecraft:apple":2,"minecraft:string":1,"toughasnails:leaf_chestplate":1,"farmersdelight:ham":1,"minecraft:stone_axe":156,"minecraft:fishing_rod":6,"minecraft:potion":12,"cfm:spruce_park_bench":4,"toughasnails:purified_water_bottle":4,"minecraft:cooked_porkchop":2,"minecraft:air":2,"minecraft:coarse_dirt":3},"minecraft:mined":{"farmersdelight:wild_carrots":8,"gravestone:gravestone":6,"minecraft:grass_block":385,"minecraft:spruce_leaves":3,"minecraft:large_fern":1,"comforts:sleeping_bag_white":2,"minecraft:hay_block":65,"minecraft:furnace":1,"minecraft:dirt_path":5,"minecraft:stone":96,"sophisticatedbackpacks:backpack":1,"minecraft:white_wool":3,"minecraft:tripwire":1,"minecraft:podzol":3,"minecraft:crafting_table":2,"minecraft:campfire":1,"minecraft:tall_grass":30,"minecraft:sugar_cane":12,"minecraft:wall_torch":5,"minecraft:coarse_dirt":8,"minecraft:yellow_wool":3,"minecraft:birch_log":15,"minecraft:spruce_log":67,"minecraft:grass":124,"minecraft:coal_ore":7,"minecraft:oak_log":49,"delightful:mini_melon":1,"minecraft:gravel":15,"minecraft:sand":14,"minecraft:dirt":66,"minecraft:oak_leaves":6,"minecraft:fern":14},"minecraft:killed_by":{"minecraft:spider":2,"minecraft:skeleton":1},"minecraft:killed":{"minecraft:horse":1,"minecraft:sheep":8},"minecraft:custom":{"minecraft:mob_kills":9,"minecraft:interact_with_crafting_table":14,"minecraft:interact_with_campfire":4,"minecraft:bell_ring":1,"minecraft:damage_dealt_resisted":50,"minecraft:time_since_death":123799,"minecraft:climb_one_cm":328,"minecraft:sprint_one_cm":132366,"minecraft:walk_one_cm":247477,"minecraft:drop":16,"minecraft:damage_dealt_absorbed":71,"minecraft:talked_to_villager":13,"minecraft:play_time":160307,"minecraft:deaths":8,"minecraft:sneak_time":21561,"minecraft:walk_under_water_one_cm":7528,"minecraft:boat_one_cm":68554,"minecraft:jump":1057,"minecraft:walk_on_water_one_cm":26509,"minecraft:total_world_time":160307,"minecraft:interact_with_furnace":13,"minecraft:traded_with_villager":18,"minecraft:sleep_in_bed":11,"minecraft:time_since_rest":2664,"minecraft:waystone_activated":1,"minecraft:damage_taken":2556,"minecraft:damage_dealt":1539,"minecraft:swim_one_cm":10072,"minecraft:fly_one_cm":54410,"minecraft:open_chest":13,"minecraft:crouch_one_cm":23223,"minecraft:fish_caught":2,"minecraft:fall_one_cm":16099},"minecraft:dropped":{"minecraft:iron_ingot":4,"minecraft:coal":4,"gravestone:obituary":3,"minecraft:spruce_sapling":16,"minecraft:bone":1,"minecraft:cooked_mutton":9,"comforts:sleeping_bag_yellow":1,"minecraft:charcoal":2,"minecraft:leather_leggings":2,"minecraft:glass":9},"minecraft:broken":{"minecraft:stone_axe":1,"minecraft:stone_shovel":2},"minecraft:crafted":{"cfm:spruce_park_bench":4,"minecraft:stone_shovel":3,"minecraft:fishing_rod":1,"minecraft:leather_leggings":1,"comforts:sleeping_bag_white":1,"minecraft:furnace":1,"minecraft:stone":5,"minecraft:cooked_mutton":9,"minecraft:glass":9,"minecraft:stone_pickaxe":1,"minecraft:chest":1,"minecraft:spruce_boat":1,"minecraft:wheat":322,"minecraft:emerald":17,"minecraft:crafting_table":1,"minecraft:spruce_planks":40,"exlinefurniture:spruce_log_table":1,"farmersdelight:flint_knife":1,"minecraft:wooden_pickaxe":1,"minecraft:campfire":2,"minecraft:stone_axe":1,"comforts:sleeping_bag_yellow":1,"minecraft:string":8,"minecraft:stick":16,"minecraft:iron_ingot":2,"minecraft:stone_sword":1,"minecraft:torch":4},"minecraft:picked_up":{"toughasnails:leaf_leggings":1,"minecraft:charcoal":2,"minecraft:crafting_table":2,"minecraft:coarse_dirt":8,"minecraft:yellow_wool":3,"minecraft:leather_leggings":1,"gravestone:obituary":3,"minecraft:string":1,"butchersdelight:dead_cow":4,"comforts:sleeping_bag_white":10,"delightful:acorn":6,"toughasnails:leaf_boots":1,"minecraft:beef":2,"farmersdelight:straw":1,"delightful:green_tea_leaf":6,"minecraft:sugar_cane":28,"minecraft:birch_sapling":5,"minecraft:furnace":2,"minecraft:stick":20,"minecraft:torch":5,"sophisticatedbackpacks:backpack":2,"minecraft:porkchop":2,"minecraft:carrot":9,"minecraft:arrow":1,"butchersdelight:deadsheep":11,"minecraft:hay_block":65,"minecraft:mutton":9,"minecraft:cod":2,"minecraft:cobblestone":95,"minecraft:white_wool":10,"minecraft:birch_log":15,"minecraft:cooked_beef":2,"minecraft:leather":1,"toughasnails:leaf_helmet":1,"minecraft:flint":4,"butchersdelight:deadpig":1,"minecraft:oak_log":49,"minecraft:dirt":452,"minecraft:bone":2,"minecraft:apple":3,"delightful:mini_melon":1,"minecraft:wheat_seeds":24,"minecraft:iron_ingot":4,"toughasnails:leaf_chestplate":1,"minecraft:cooked_porkchop":2,"butchersdelight:cow_hide":1,"minecraft:gravel":11,"minecraft:sand":14,"minecraft:spruce_sapling":17,"minecraft:spruce_log":65,"farmersdelight:ham":1,"butchersdelight:sheephide":9,"minecraft:gray_wool":2,"minecraft:oak_sapling":23,"minecraft:black_wool":2,"minecraft:coal":41}},"DataVersion":3465}