{"stats":{"minecraft:crafted":{"minecraft:brick":587,"minecraft:oak_planks":14,"minecraft:cobblestone_slab":12,"giacomos_fishing_net:fishing_meal":3,"minecraft:stone":5,"sophisticatedbackpacks:crafting_upgrade":1,"farmersdelight:rope":8,"minecraft:bookshelf":2,"minecraft:cooked_mutton":65,"minecraft:glass":9,"ava:work_hardened_iron":30,"minecraft:iron_boots":1,"minecraft:chest":8,"ava:gun_crafting_table":1,"aiot:diamond_aiot":1,"minecraft:bricks":193,"minecraft:smoker":1,"minecraft:emerald":65,"minecraft:cooked_porkchop":8,"minecraft:diamond_axe":1,"minecraft:crafting_table":2,"minecraft:spruce_planks":138,"exlinefurniture:spruce_log_table":1,"farmersdelight:flint_knife":1,"minecraft:wooden_pickaxe":1,"minecraft:copper_ingot":128,"minecraft:hay_block":33,"butchersdelight:cleaver":2,"minecraft:campfire":3,"sophisticatedbackpacks:upgrade_base":1,"comforts:sleeping_bag_yellow":1,"minecraft:diamond_pickaxe":1,"minecraft:dark_oak_sapling":4,"minecraft:string":8,"minecraft:charcoal":55,"minecraft:shield":2,"minecraft:stick":80,"minecraft:iron_ingot":111,"minecraft:iron_pickaxe":4,"minecraft:stone_sword":1,"minecraft:gold_ingot":23,"minecraft:dark_oak_fence_gate":1,"storagedrawers:upgrade_template":8,"cfm:spruce_park_bench":4,"minecraft:stone_shovel":6,"minecraft:fishing_rod":1,"minecraft:leather_leggings":1,"minecraft:iron_nugget":63,"minecraft:diamond_hoe":1,"comforts:sleeping_bag_white":1,"minecraft:furnace":1,"storagedrawers:spruce_full_drawers_4":4,"minecraft:bone_meal":59,"minecraft:white_carpet":3,"storagedrawers:emerald_storage_upgrade":2,"minecraft:flint_and_steel":1,"minecraft:iron_axe":2,"storagedrawers:birch_full_drawers_2":2,"minecraft:ender_pearl":4,"minecraft:stone_pickaxe":5,"minecraft:spruce_boat":1,"minecraft:dark_oak_planks":308,"minecraft:wheat":1249,"minecraft:cooked_beef":11,"minecraft:diamond_sword":1,"butchersdelight:hook":6,"minecraft:iron_sword":1,"sophisticatedbackpacks:gold_backpack":1,"minecraft:stone_axe":3,"minecraft:enchanted_book":7,"minecraft:iron_shovel":2,"ava:packed_gunpowder":2,"minecraft:torch":202},"minecraft:custom":{"minecraft:animals_bred":4,"minecraft:interact_with_crafting_table":90,"minecraft:open_barrel":12,"minecraft:bell_ring":5,"minecraft:leave_game":7,"minecraft:time_since_death":327239,"minecraft:sprint_one_cm":1829617,"minecraft:damage_blocked_by_shield":2455,"minecraft:drop":254,"minecraft:talked_to_villager":162,"minecraft:play_time":1436106,"minecraft:deaths":22,"minecraft:jump":10076,"minecraft:walk_on_water_one_cm":119529,"minecraft:interact_with_furnace":119,"giacomos_fishing_net:interact":4,"minecraft:interact_with_cartography_table":1,"minecraft:traded_with_villager":81,"minecraft:sleep_in_bed":24,"minecraft:waystone_activated":3,"minecraft:damage_dealt":55117,"minecraft:crouch_one_cm":135117,"minecraft:horse_one_cm":1389460,"minecraft:mob_kills":288,"minecraft:fill_cauldron":1,"minecraft:interact_with_campfire":10,"minecraft:damage_dealt_resisted":50,"minecraft:climb_one_cm":6540,"minecraft:walk_one_cm":1507840,"minecraft:damage_dealt_absorbed":148,"minecraft:raid_win":1,"minecraft:sneak_time":115669,"minecraft:walk_under_water_one_cm":70570,"minecraft:boat_one_cm":603212,"minecraft:interact_with_blast_furnace":20,"minecraft:total_world_time":1436106,"minecraft:time_since_rest":51795,"minecraft:damage_taken":11204,"minecraft:swim_one_cm":136052,"minecraft:freezer_opened":4,"minecraft:fly_one_cm":1391229,"minecraft:open_chest":284,"minecraft:fish_caught":15,"minecraft:fall_one_cm":241064},"minecraft:killed":{"minecraft:spider":3,"minecraft:skeleton":201,"ava:blue_robot":8,"artifacts:mimic":4,"minecraft:creeper":4,"minecraft:sheep":16,"minecraft:pillager":5,"minecraft:zombie":32,"minecraft:vindicator":1,"minecraft:horse":1,"minecraft:drowned":1,"minecraft:ravager":1,"alexsmobs:cockroach":2},"minecraft:dropped":{"minecraft:iron_sword":1,"minecraft:cooked_beef":9,"minecraft:ender_pearl":4,"minecraft:diamond":8,"minecraft:crafting_table":1,"minecraft:cooked_porkchop":2,"exlinefurniture:spruce_log_table":1,"minecraft:leather":16,"minecraft:saddle":1,"artifacts:universal_attractor":1,"minecraft:red_mushroom":1,"minecraft:emerald":42,"minecraft:dirt":532,"minecraft:dark_oak_log":433,"gravestone:obituary":4,"minecraft:iron_pickaxe":2,"minecraft:dark_oak_planks":205,"minecraft:white_wool":8,"ava:packed_gunpowder":2,"minecraft:bone":1,"minecraft:sugar_cane":37,"minecraft:wheat":17,"butchersdelight:cleaver":2,"minecraft:cooked_mutton":11,"comforts:sleeping_bag_yellow":1,"ava:colt_saa":1,"minecraft:gunpowder":2,"minecraft:charcoal":95,"vc_gliders:paraglider_wood":1,"minecraft:leather_boots":1,"minecraft:leather_leggings":3,"minecraft:glass":9,"minecraft:lectern":1,"minecraft:iron_ingot":7,"minecraft:bookshelf":2,"minecraft:iron_helmet":1,"minecraft:cobblestone":64,"minecraft:book":1,"minecraft:coal":90,"minecraft:stick":25,"minecraft:gray_wool":2,"minecraft:brewing_stand":2,"minecraft:melon_slice":11,"farmersdelight:organic_compost":5,"minecraft:mud":1,"farmersdelight:rich_soil":13,"minecraft:bucket":4,"minecraft:spruce_sapling":16,"butchersdelight:goat_fur":1,"minecraft:stone_sword":1,"minecraft:raw_iron":1,"minecraft:stone_shovel":1,"minecraft:clay_ball":865,"sophisticatedbackpacks:backpack":2,"farmersdelight:straw":2,"cfm:dark_oak_upgraded_fence":66,"minecraft:hay_block":1,"minecraft:shield":1,"minecraft:spruce_planks":188,"pfm:furniture_book":1,"minecraft:stone_pickaxe":1,"ava:work_hardened_iron":14,"minecraft:brick":5},"minecraft:used":{"minecraft:iron_shovel":501,"minecraft:chest":5,"minecraft:shield":104,"butchersdelight:hook":8,"minecraft:iron_sword":251,"minecraft:bell":1,"minecraft:iron_chestplate":1,"cfm:dark_oak_upgraded_gate":5,"minecraft:carrot":9,"minecraft:milk_bucket":1,"minecraft:spruce_boat":3,"cfm:dark_oak_upgraded_fence":240,"minecraft:lava_bucket":1,"minecraft:bricks":370,"minecraft:iron_helmet":1,"farmersdelight:cutting_board":1,"minecraft:magma_block":9,"minecraft:bow":184,"minecraft:furnace":2,"minecraft:egg":7,"ava:gun_crafting_table":2,"minecraft:dark_oak_sapling":50,"elevatorid:elevator_brown":1,"minecraft:diorite":2,"minecraft:leather_leggings":2,"pfm:iron_freezer":1,"minecraft:stone_pickaxe":821,"minecraft:wooden_pickaxe":21,"minecraft:composter":6,"butchersdelight:skullcow":5,"minecraft:sand":1,"minecraft:blast_furnace":1,"sophisticatedbackpacks:backpack":1,"pfm:working_table":2,"minecraft:dark_oak_log":24,"minecraft:melon_slice":39,"minecraft:bread":1,"minecraft:string":1,"minecraft:lectern":14,"farmersdelight:ham":16,"pfm:dark_oak_herringbone_planks":62,"minecraft:andesite":1,"minecraft:coarse_dirt":3,"minecraft:air":2,"minecraft:bone_meal":50,"delightful:acorn":6,"minecraft:stone_sword":248,"minecraft:flint_and_steel":4,"minecraft:stone_shovel":968,"farmersdelight:rich_soil":4,"minecraft:cooked_chicken":1,"minecraft:torch":209,"minecraft:dirt":562,"storagedrawers:dark_oak_full_drawers_4":5,"farmersdelight:flint_knife":2,"minecraft:white_carpet":4,"minecraft:granite":12,"farmersdelight:rope":6,"minecraft:dark_oak_planks":127,"butchersdelight:cleaver":4,"minecraft:iron_axe":387,"comforts:sleeping_bag_white":14,"minecraft:cooked_beef":16,"minecraft:cobbled_deepslate":23,"minecraft:pointed_dripstone":1,"minecraft:iron_leggings":1,"minecraft:cooked_mutton":56,"minecraft:water_bucket":48,"minecraft:glass_bottle":17,"storagedrawers:spruce_full_drawers_4":26,"minecraft:cauldron":1,"minecraft:cobblestone_slab":17,"minecraft:leather_boots":1,"delightful:salmonberries":3,"farmersdelight:onion":1,"minecraft:crafting_table":6,"minecraft:white_bed":9,"minecraft:campfire":3,"minecraft:dark_oak_fence_gate":2,"minecraft:spruce_log":2,"minecraft:smoker":1,"exlinefurniture:spruce_log_table":4,"minecraft:apple":4,"minecraft:oxeye_daisy":1,"minecraft:iron_pickaxe":1349,"minecraft:spruce_sapling":12,"minecraft:stone_axe":531,"minecraft:fishing_rod":31,"minecraft:cobblestone":291,"minecraft:potion":12,"cfm:spruce_park_bench":13,"minecraft:white_banner":5,"minecraft:cooked_porkchop":8,"minecraft:bucket":49,"minecraft:yellow_bed":1,"alexsmobs:animal_dictionary":2,"butchersdelight:rack":3,"minecraft:candle":6},"minecraft:picked_up":{"minecraft:iron_chestplate":1,"minecraft:wheat":5,"minecraft:yellow_wool":3,"minecraft:brewing_stand":2,"farmersdelight:cutting_board":1,"minecraft:string":12,"minecraft:raw_copper":1023,"minecraft:cooked_salmon":2,"minecraft:iron_leggings":1,"minecraft:pufferfish":2,"butchersdelight:cleaver":2,"minecraft:cobbled_deepslate":283,"minecraft:bucket":3,"comforts:sleeping_bag_white":15,"delightful:acorn":17,"minecraft:cobblestone_slab":5,"storagedrawers:dark_oak_full_drawers_4":5,"minecraft:iron_pickaxe":4,"minecraft:melon_slice":50,"delightful:green_tea_leaf":14,"farmersdelight:cabbage_seeds":6,"minecraft:furnace":3,"minecraft:stick":108,"artifacts:universal_attractor":1,"minecraft:composter":6,"minecraft:torch":52,"storagedrawers:spruce_full_drawers_4":25,"ava:work_hardened_iron":14,"minecraft:porkchop":62,"minecraft:pointed_dripstone":2,"minecraft:diorite":48,"minecraft:light_gray_banner":1,"minecraft:cauldron":3,"minecraft:stone_sword":1,"minecraft:rotten_flesh":33,"minecraft:tropical_fish":1,"artifacts:villager_hat":1,"farmersdelight:rope":66,"minecraft:cod":10,"minecraft:snowball":22,"minecraft:cobblestone":813,"minecraft:birch_log":15,"minecraft:magma_block":17,"minecraft:cooked_beef":14,"minecraft:andesite":46,"minecraft:brown_wool":1,"butchersdelight:deadpig":8,"minecraft:flint":6,"minecraft:tuff":64,"butchersdelight:goat_fur":2,"minecraft:lapis_lazuli":77,"farmersdelight:tomato":1,"minecraft:dirt":1614,"minecraft:leather_boots":1,"minecraft:bone":290,"minecraft:bow":16,"delightful:mini_melon":1,"minecraft:wheat_seeds":48,"minecraft:raw_gold":52,"minecraft:bell":1,"vc_gliders:paraglider_wood":2,"artifacts:antidote_vessel":1,"minecraft:cooked_porkchop":14,"butchersdelight:skullcow":18,"butchersdelight:cow_hide":14,"minecraft:sand":15,"sophisticatedbackpacks:iron_backpack":2,"farmersdelight:ham":16,"minecraft:dark_oak_log":454,"minecraft:mossy_cobblestone":38,"exlinefurniture:spruce_log_table":4,"minecraft:diamond":24,"minecraft:spruce_boat":3,"artifacts:crystal_heart":1,"minecraft:granite":29,"minecraft:bone_meal":1,"butchersdelight:deadllama":2,"minecraft:emerald":70,"pfm:furniture_book":1,"butchersdelight:hook":2,"minecraft:oak_sapling":23,"minecraft:bricks":177,"minecraft:oak_leaves":21,"minecraft:charcoal":52,"minecraft:fishing_rod":1,"minecraft:mud":1,"minecraft:coarse_dirt":8,"minecraft:crafting_table":6,"cfm:spruce_park_bench":9,"minecraft:clay_ball":1040,"minecraft:leather_leggings":1,"pfm:dark_oak_herringbone_planks":117,"gravestone:obituary":4,"minecraft:brick":2,"minecraft:white_carpet":1,"butchersdelight:dead_cow":20,"minecraft:candle":7,"minecraft:beef":62,"farmersdelight:straw":3,"minecraft:lectern":15,"minecraft:sugar_cane":36,"minecraft:chest":4,"minecraft:birch_sapling":5,"minecraft:egg":9,"minecraft:dark_oak_sapling":47,"minecraft:raw_iron":253,"sophisticatedbackpacks:backpack":3,"farmersdelight:tomato_seeds":11,"minecraft:carrot":13,"minecraft:redstone":55,"minecraft:iron_horse_armor":1,"minecraft:dark_oak_planks":45,"artifacts:snorkel":1,"minecraft:arrow":258,"butchersdelight:deadsheep":19,"minecraft:stone_shovel":2,"minecraft:shears":2,"minecraft:hay_block":126,"pfm:working_table":2,"artifacts:pocket_piston":1,"minecraft:saddle":3,"minecraft:gold_ingot":7,"minecraft:mutton":77,"minecraft:white_wool":23,"cfm:dark_oak_upgraded_fence":306,"minecraft:oxeye_daisy":1,"farmersdelight:rich_soil":28,"minecraft:birch_leaves":16,"ava:gun_crafting_table":1,"minecraft:salmon":2,"minecraft:leather":39,"minecraft:red_mushroom":5,"artifacts:anglers_hat":1,"cfm:dark_oak_upgraded_gate":5,"minecraft:oak_log":49,"minecraft:lily_pad":2,"minecraft:yellow_bed":1,"minecraft:gunpowder":8,"pfm:iron_freezer":1,"butchersdelight:rack":3,"minecraft:white_banner":5,"elevatorid:elevator_brown":1,"farmersdelight:organic_compost":4,"minecraft:cooked_mutton":7,"minecraft:apple":6,"minecraft:iron_ingot":12,"minecraft:stone_pickaxe":2,"ava:colt_saa":1,"minecraft:iron_sword":1,"minecraft:book":13,"minecraft:milk_bucket":1,"minecraft:dandelion":2,"minecraft:raw_iron_block":2,"minecraft:dripstone_block":11,"minecraft:gravel":17,"minecraft:lava_bucket":1,"minecraft:spruce_sapling":33,"minecraft:blast_furnace":1,"delightful:salmonberries":3,"minecraft:white_bed":9,"minecraft:spruce_log":158,"minecraft:spider_eye":2,"minecraft:dark_oak_fence_gate":2,"butchersdelight:sheephide":23,"minecraft:stone_axe":2,"minecraft:iron_helmet":2,"minecraft:gray_wool":3,"minecraft:black_wool":2,"minecraft:stripped_dark_oak_log":1,"minecraft:coal":357},"minecraft:killed_by":{"minecraft:pillager":1,"minecraft:ravager":2,"minecraft:vindicator":4,"artifacts:mimic":1,"minecraft:zombie":1,"minecraft:player":1,"minecraft:spider":2,"minecraft:skeleton":1},"minecraft:mined":{"minecraft:dark_oak_planks":11,"minecraft:white_bed":8,"farmersdelight:rich_soil":14,"minecraft:sculk_vein":2,"minecraft:brewing_stand":1,"minecraft:granite":29,"minecraft:grass_block":723,"minecraft:composter":6,"minecraft:oxeye_daisy":1,"comforts:sleeping_bag_white":2,"minecraft:raw_iron_block":2,"minecraft:magma_block":6,"minecraft:iron_ore":136,"minecraft:cobbled_deepslate":5,"minecraft:fire":4,"minecraft:deepslate_lapis_ore":4,"minecraft:pointed_dripstone":2,"minecraft:water_cauldron":3,"minecraft:dirt_path":39,"minecraft:tripwire":1,"minecraft:deepslate_redstone_ore":13,"farmersdelight:organic_compost":6,"minecraft:clay":161,"minecraft:torch":26,"cfm:dark_oak_upgraded_gate":1,"minecraft:blast_furnace":1,"minecraft:melon":9,"minecraft:chest":1,"minecraft:dead_bush":1,"farmersdelight:cabbages":3,"storagedrawers:dark_oak_full_drawers_4":1,"minecraft:cobblestone":62,"minecraft:sugar_cane":20,"minecraft:bricks":26,"minecraft:wall_torch":31,"minecraft:seagrass":1,"cfm:spruce_park_bench":9,"minecraft:birch_log":15,"minecraft:yellow_wool":3,"minecraft:wheat":2,"minecraft:grass":286,"butchersdelight:hook":2,"minecraft:oak_log":49,"delightful:mini_melon":1,"minecraft:dirt":780,"minecraft:dark_oak_sapling":7,"minecraft:sand":15,"minecraft:oak_leaves":14,"minecraft:deepslate":307,"minecraft:diamond_ore":6,"minecraft:tuff":65,"minecraft:candle_cake":1,"minecraft:mossy_cobblestone":44,"pfm:dark_oak_herringbone_planks":4,"minecraft:dark_oak_leaves":4,"minecraft:deepslate_diamond_ore":13,"minecraft:candle":2,"butchersdelight:rack":3,"farmersdelight:wild_carrots":8,"minecraft:dark_oak_log":321,"gravestone:gravestone":20,"farmersdelight:tomatoes":4,"minecraft:spruce_leaves":5,"minecraft:large_fern":3,"minecraft:hay_block":127,"minecraft:spruce_sapling":8,"minecraft:furnace":2,"cfm:dark_oak_upgraded_fence":36,"minecraft:andesite":46,"minecraft:dark_oak_fence_gate":2,"minecraft:bell":1,"minecraft:bookshelf":4,"farmersdelight:rope":2,"minecraft:cobblestone_slab":12,"minecraft:deepslate_iron_ore":119,"minecraft:stripped_oak_log":1,"butchersdelight:skullcow":3,"minecraft:stone":717,"sophisticatedbackpacks:backpack":1,"minecraft:white_wool":3,"minecraft:podzol":3,"minecraft:stripped_dark_oak_log":1,"minecraft:crafting_table":4,"minecraft:light_gray_wall_banner":1,"minecraft:lectern":12,"minecraft:campfire":2,"minecraft:copper_ore":208,"minecraft:tall_grass":57,"minecraft:deepslate_gold_ore":37,"farmersdelight:wild_tomatoes":1,"minecraft:lily_pad":1,"delightful:wild_salmonberries":4,"minecraft:diorite":48,"minecraft:coarse_dirt":8,"butchersdelight:deadcowblock":3,"minecraft:white_carpet":2,"minecraft:spruce_log":136,"exlinefurniture:spruce_log_table":4,"pfm:iron_freezer":1,"minecraft:white_wall_banner":1,"minecraft:yellow_bed":1,"pfm:working_table":2,"minecraft:coal_ore":129,"minecraft:gravel":23,"minecraft:dripstone_block":11,"storagedrawers:spruce_full_drawers_4":5,"ava:gun_crafting_table":1,"minecraft:gold_ore":16,"minecraft:fern":14},"minecraft:broken":{"minecraft:iron_shovel":2,"minecraft:stone_pickaxe":6,"minecraft:stone_axe":5,"minecraft:iron_sword":1,"minecraft:bow":2,"minecraft:stone_shovel":8,"minecraft:stone_sword":1,"minecraft:shield":1,"minecraft:iron_axe":2,"minecraft:iron_pickaxe":5,"minecraft:iron_helmet":1}},"DataVersion":3465}