{"stats":{"minecraft:killed":{"minecraft:horse":1,"minecraft:sheep":8},"minecraft:picked_up":{"toughasnails:leaf_leggings":1,"minecraft:charcoal":2,"minecraft:crafting_table":2,"minecraft:coarse_dirt":8,"minecraft:leather_leggings":1,"minecraft:yellow_wool":3,"gravestone:obituary":3,"minecraft:string":1,"butchersdelight:cleaver":1,"butchersdelight:dead_cow":5,"delightful:acorn":6,"comforts:sleeping_bag_white":11,"toughasnails:leaf_boots":1,"minecraft:beef":18,"farmersdelight:straw":1,"minecraft:sugar_cane":30,"delightful:green_tea_leaf":6,"minecraft:birch_sapling":5,"minecraft:furnace":2,"minecraft:stick":20,"minecraft:torch":9,"sophisticatedbackpacks:backpack":2,"minecraft:porkchop":14,"minecraft:carrot":9,"minecraft:stone_shovel":2,"minecraft:arrow":1,"butchersdelight:deadsheep":11,"minecraft:shears":1,"minecraft:hay_block":65,"minecraft:mutton":17,"minecraft:cobblestone":113,"minecraft:cod":2,"minecraft:white_wool":12,"minecraft:birch_log":15,"minecraft:cooked_beef":2,"minecraft:leather":8,"toughasnails:leaf_helmet":1,"butchersdelight:deadpig":4,"minecraft:flint":4,"minecraft:oak_log":49,"minecraft:dirt":870,"minecraft:cooked_mutton":4,"minecraft:bone":11,"minecraft:apple":3,"delightful:mini_melon":1,"minecraft:wheat_seeds":27,"minecraft:iron_ingot":4,"minecraft:stone_pickaxe":1,"toughasnails:leaf_chestplate":1,"minecraft:cooked_porkchop":2,"minecraft:dripstone_block":4,"butchersdelight:cow_hide":3,"butchersdelight:skullcow":5,"minecraft:gravel":11,"minecraft:sand":14,"minecraft:spruce_sapling":17,"delightful:salmonberries":3,"minecraft:spruce_log":89,"farmersdelight:ham":4,"butchersdelight:sheephide":10,"minecraft:gray_wool":2,"minecraft:oak_sapling":23,"minecraft:black_wool":2,"minecraft:coal":160},"minecraft:dropped":{"minecraft:iron_ingot":4,"minecraft:coal":4,"minecraft:dirt":1,"gravestone:obituary":3,"minecraft:spruce_sapling":16,"minecraft:bone":1,"toughasnails:empty_canteen":1,"butchersdelight:cleaver":1,"minecraft:cooked_mutton":9,"comforts:sleeping_bag_yellow":1,"minecraft:charcoal":2,"minecraft:leather_leggings":2,"minecraft:glass":9},"minecraft:used":{"minecraft:stone_sword":130,"toughasnails:leaf_helmet":1,"minecraft:stone_shovel":667,"minecraft:chest":1,"toughasnails:leaf_boots":1,"minecraft:torch":28,"minecraft:dirt":474,"farmersdelight:flint_knife":2,"toughasnails:empty_canteen":2,"minecraft:carrot":9,"minecraft:spruce_boat":1,"butchersdelight:cleaver":4,"minecraft:furnace":2,"comforts:sleeping_bag_white":11,"minecraft:cooked_beef":2,"minecraft:cooked_mutton":3,"minecraft:leather_leggings":1,"toughasnails:leaf_leggings":2,"minecraft:glass_bottle":17,"minecraft:stone_pickaxe":181,"minecraft:wooden_pickaxe":21,"toughasnails:water_canteen":13,"butchersdelight:skullcow":1,"delightful:salmonberries":3,"minecraft:crafting_table":3,"minecraft:campfire":3,"minecraft:spruce_log":2,"sophisticatedbackpacks:backpack":1,"exlinefurniture:spruce_log_table":1,"minecraft:apple":3,"minecraft:string":1,"toughasnails:leaf_chestplate":1,"farmersdelight:ham":1,"minecraft:stone_axe":156,"minecraft:fishing_rod":10,"minecraft:cobblestone":9,"minecraft:potion":12,"cfm:spruce_park_bench":4,"toughasnails:purified_water_bottle":6,"minecraft:cooked_porkchop":2,"toughasnails:purified_water_canteen":3,"minecraft:air":2,"minecraft:coarse_dirt":3,"delightful:acorn":6},"minecraft:killed_by":{"minecraft:spider":2,"minecraft:skeleton":1},"minecraft:crafted":{"cfm:spruce_park_bench":4,"minecraft:stone_shovel":3,"minecraft:fishing_rod":1,"minecraft:leather_leggings":1,"comforts:sleeping_bag_white":1,"minecraft:furnace":1,"minecraft:stone":5,"farmersdelight:rope":8,"minecraft:cooked_mutton":9,"minecraft:glass":9,"minecraft:stone_pickaxe":1,"minecraft:chest":1,"minecraft:spruce_boat":1,"minecraft:wheat":322,"minecraft:emerald":17,"minecraft:crafting_table":1,"minecraft:spruce_planks":40,"exlinefurniture:spruce_log_table":1,"farmersdelight:flint_knife":1,"minecraft:wooden_pickaxe":1,"minecraft:campfire":3,"minecraft:stone_axe":1,"comforts:sleeping_bag_yellow":1,"minecraft:string":8,"minecraft:charcoal":55,"minecraft:stick":20,"minecraft:iron_ingot":2,"minecraft:stone_sword":1,"minecraft:torch":46,"toughasnails:empty_canteen":2},"minecraft:broken":{"toughasnails:water_canteen":1,"minecraft:stone_pickaxe":1,"minecraft:stone_axe":1,"minecraft:stone_shovel":4},"minecraft:mined":{"farmersdelight:wild_carrots":8,"gravestone:gravestone":7,"minecraft:grass_block":528,"minecraft:spruce_leaves":3,"comforts:sleeping_bag_white":2,"minecraft:large_fern":1,"minecraft:hay_block":65,"minecraft:furnace":1,"minecraft:dirt_path":5,"butchersdelight:skullcow":1,"minecraft:stone":115,"sophisticatedbackpacks:backpack":1,"minecraft:white_wool":3,"minecraft:tripwire":1,"minecraft:podzol":3,"minecraft:crafting_table":2,"minecraft:torch":4,"minecraft:campfire":1,"minecraft:tall_grass":30,"minecraft:sugar_cane":14,"delightful:wild_salmonberries":4,"minecraft:wall_torch":5,"minecraft:coarse_dirt":8,"minecraft:yellow_wool":3,"minecraft:birch_log":15,"minecraft:spruce_log":67,"minecraft:grass":168,"minecraft:oak_log":49,"minecraft:coal_ore":44,"delightful:mini_melon":1,"minecraft:dripstone_block":4,"minecraft:gravel":15,"minecraft:sand":14,"minecraft:dirt":339,"minecraft:oak_leaves":12,"minecraft:fern":14},"minecraft:custom":{"minecraft:mob_kills":9,"minecraft:interact_with_crafting_table":19,"minecraft:interact_with_campfire":8,"minecraft:bell_ring":1,"minecraft:damage_dealt_resisted":50,"minecraft:leave_game":2,"minecraft:time_since_death":35368,"minecraft:climb_one_cm":328,"minecraft:sprint_one_cm":203976,"minecraft:walk_one_cm":364503,"minecraft:drop":19,"minecraft:damage_dealt_absorbed":71,"minecraft:talked_to_villager":13,"minecraft:play_time":251523,"minecraft:deaths":9,"minecraft:sneak_time":26152,"minecraft:walk_under_water_one_cm":9134,"minecraft:boat_one_cm":68554,"minecraft:jump":1972,"minecraft:walk_on_water_one_cm":29439,"minecraft:total_world_time":251523,"minecraft:interact_with_furnace":22,"minecraft:traded_with_villager":18,"minecraft:sleep_in_bed":12,"minecraft:time_since_rest":35767,"minecraft:waystone_activated":1,"minecraft:damage_taken":3059,"minecraft:damage_dealt":1920,"minecraft:swim_one_cm":12340,"minecraft:fly_one_cm":128587,"minecraft:open_chest":28,"minecraft:crouch_one_cm":29741,"minecraft:fish_caught":2,"minecraft:fall_one_cm":38455,"minecraft:horse_one_cm":1037}},"DataVersion":3465}