{"stats":{"minecraft:killed":{"minecraft:horse":1,"minecraft:sheep":8},"minecraft:picked_up":{"toughasnails:leaf_leggings":1,"minecraft:fishing_rod":1,"minecraft:charcoal":2,"minecraft:crafting_table":2,"minecraft:coarse_dirt":8,"minecraft:leather_leggings":1,"minecraft:yellow_wool":3,"gravestone:obituary":3,"minecraft:string":1,"minecraft:cooked_salmon":2,"minecraft:pufferfish":1,"butchersdelight:cleaver":1,"butchersdelight:dead_cow":5,"delightful:acorn":6,"comforts:sleeping_bag_white":12,"toughasnails:leaf_boots":1,"minecraft:beef":18,"farmersdelight:straw":1,"minecraft:sugar_cane":30,"delightful:green_tea_leaf":6,"minecraft:birch_sapling":5,"minecraft:furnace":2,"minecraft:stick":20,"minecraft:torch":9,"sophisticatedbackpacks:backpack":2,"minecraft:porkchop":14,"minecraft:carrot":9,"toughasnails:empty_canteen":1,"minecraft:rotten_flesh":1,"minecraft:stone_shovel":2,"minecraft:arrow":1,"butchersdelight:deadsheep":11,"minecraft:tropical_fish":1,"minecraft:shears":1,"minecraft:hay_block":65,"minecraft:saddle":2,"minecraft:mutton":17,"minecraft:cobblestone":113,"minecraft:cod":8,"minecraft:white_wool":16,"minecraft:birch_log":15,"minecraft:cooked_beef":11,"minecraft:salmon":2,"minecraft:leather":11,"toughasnails:leaf_helmet":1,"butchersdelight:deadpig":4,"minecraft:flint":4,"minecraft:oak_log":49,"minecraft:lily_pad":2,"minecraft:dirt":998,"minecraft:cooked_mutton":5,"minecraft:bone":11,"minecraft:apple":3,"delightful:mini_melon":1,"minecraft:wheat_seeds":27,"minecraft:iron_ingot":4,"minecraft:stone_pickaxe":1,"toughasnails:leaf_chestplate":1,"minecraft:cooked_porkchop":6,"minecraft:dripstone_block":4,"butchersdelight:cow_hide":3,"butchersdelight:skullcow":5,"minecraft:gravel":11,"minecraft:sand":14,"minecraft:spruce_sapling":17,"delightful:salmonberries":3,"minecraft:spruce_log":89,"farmersdelight:ham":4,"butchersdelight:sheephide":10,"minecraft:stone_axe":1,"minecraft:gray_wool":3,"minecraft:oak_sapling":23,"minecraft:black_wool":2,"minecraft:coal":160},"minecraft:dropped":{"minecraft:iron_ingot":4,"minecraft:cooked_beef":9,"minecraft:leather":3,"minecraft:coal":90,"minecraft:dirt":531,"minecraft:gray_wool":2,"gravestone:obituary":3,"minecraft:white_wool":8,"minecraft:spruce_sapling":16,"minecraft:bone":1,"toughasnails:empty_canteen":1,"butchersdelight:cleaver":1,"minecraft:cooked_mutton":9,"comforts:sleeping_bag_yellow":1,"minecraft:shield":1,"minecraft:charcoal":48,"minecraft:leather_leggings":2,"minecraft:glass":9},"minecraft:used":{"minecraft:stone_sword":130,"toughasnails:leaf_helmet":1,"minecraft:stone_shovel":667,"minecraft:chest":1,"toughasnails:leaf_boots":1,"minecraft:torch":28,"minecraft:dirt":474,"farmersdelight:flint_knife":2,"toughasnails:empty_canteen":5,"minecraft:carrot":9,"minecraft:spruce_boat":1,"butchersdelight:cleaver":4,"minecraft:furnace":2,"comforts:sleeping_bag_white":12,"minecraft:cooked_beef":2,"minecraft:cooked_mutton":6,"minecraft:leather_leggings":1,"toughasnails:leaf_leggings":2,"minecraft:glass_bottle":17,"minecraft:stone_pickaxe":182,"minecraft:wooden_pickaxe":21,"toughasnails:water_canteen":18,"butchersdelight:skullcow":1,"delightful:salmonberries":3,"minecraft:crafting_table":3,"minecraft:campfire":3,"minecraft:spruce_log":2,"sophisticatedbackpacks:backpack":1,"exlinefurniture:spruce_log_table":1,"minecraft:apple":3,"minecraft:string":1,"toughasnails:leaf_chestplate":1,"farmersdelight:ham":1,"minecraft:stone_axe":156,"minecraft:fishing_rod":29,"minecraft:cobblestone":9,"minecraft:potion":12,"cfm:spruce_park_bench":4,"toughasnails:purified_water_bottle":6,"minecraft:cooked_porkchop":2,"toughasnails:purified_water_canteen":10,"minecraft:air":2,"minecraft:coarse_dirt":3,"delightful:acorn":6},"minecraft:killed_by":{"minecraft:spider":2,"minecraft:skeleton":1},"minecraft:crafted":{"cfm:spruce_park_bench":4,"minecraft:oak_planks":10,"minecraft:stone_shovel":3,"minecraft:fishing_rod":1,"minecraft:leather_leggings":1,"comforts:sleeping_bag_white":1,"giacomos_fishing_net:fishing_meal":2,"minecraft:furnace":1,"minecraft:stone":5,"farmersdelight:rope":8,"minecraft:cooked_mutton":13,"minecraft:glass":9,"minecraft:stone_pickaxe":1,"minecraft:chest":1,"minecraft:spruce_boat":1,"minecraft:wheat":322,"minecraft:cooked_beef":11,"minecraft:emerald":17,"minecraft:cooked_porkchop":8,"minecraft:crafting_table":1,"minecraft:spruce_planks":40,"exlinefurniture:spruce_log_table":1,"farmersdelight:flint_knife":1,"minecraft:wooden_pickaxe":1,"minecraft:campfire":3,"minecraft:stone_axe":1,"comforts:sleeping_bag_yellow":1,"minecraft:string":8,"minecraft:charcoal":55,"minecraft:shield":2,"minecraft:stick":20,"minecraft:iron_ingot":5,"minecraft:stone_sword":1,"minecraft:torch":46,"toughasnails:empty_canteen":2},"minecraft:broken":{"toughasnails:water_canteen":1,"minecraft:stone_pickaxe":1,"minecraft:stone_axe":1,"toughasnails:purified_water_canteen":2,"minecraft:stone_shovel":4},"minecraft:mined":{"farmersdelight:wild_carrots":8,"gravestone:gravestone":7,"minecraft:grass_block":528,"minecraft:spruce_leaves":3,"comforts:sleeping_bag_white":2,"minecraft:large_fern":1,"minecraft:hay_block":65,"minecraft:furnace":1,"minecraft:pointed_dripstone":1,"minecraft:dirt_path":5,"butchersdelight:skullcow":1,"minecraft:stone":115,"sophisticatedbackpacks:backpack":1,"minecraft:white_wool":3,"minecraft:tripwire":1,"minecraft:podzol":3,"minecraft:crafting_table":2,"minecraft:torch":4,"minecraft:campfire":1,"minecraft:tall_grass":30,"minecraft:lily_pad":1,"minecraft:sugar_cane":14,"delightful:wild_salmonberries":4,"minecraft:wall_torch":5,"minecraft:coarse_dirt":8,"minecraft:yellow_wool":3,"minecraft:birch_log":15,"minecraft:spruce_log":67,"minecraft:grass":175,"minecraft:oak_log":49,"minecraft:coal_ore":44,"delightful:mini_melon":1,"minecraft:dripstone_block":4,"minecraft:gravel":15,"minecraft:sand":14,"minecraft:dirt":339,"minecraft:oak_leaves":12,"minecraft:fern":14},"minecraft:custom":{"minecraft:mob_kills":9,"minecraft:animals_bred":1,"minecraft:interact_with_crafting_table":21,"minecraft:interact_with_campfire":10,"minecraft:bell_ring":1,"minecraft:damage_dealt_resisted":50,"minecraft:leave_game":2,"minecraft:time_since_death":95368,"minecraft:climb_one_cm":328,"minecraft:sprint_one_cm":238553,"minecraft:walk_one_cm":398596,"minecraft:drop":40,"minecraft:damage_dealt_absorbed":71,"minecraft:talked_to_villager":13,"minecraft:play_time":311523,"minecraft:deaths":9,"minecraft:sneak_time":28613,"minecraft:walk_under_water_one_cm":10035,"minecraft:boat_one_cm":68554,"minecraft:jump":2325,"minecraft:walk_on_water_one_cm":29942,"minecraft:total_world_time":311523,"minecraft:interact_with_furnace":32,"minecraft:traded_with_villager":18,"minecraft:sleep_in_bed":13,"minecraft:time_since_rest":1023,"minecraft:waystone_activated":1,"minecraft:damage_taken":3215,"minecraft:damage_dealt":1950,"minecraft:swim_one_cm":13086,"minecraft:fly_one_cm":190227,"minecraft:open_chest":36,"minecraft:crouch_one_cm":33957,"minecraft:fish_caught":12,"minecraft:fall_one_cm":46801,"minecraft:horse_one_cm":80171}},"DataVersion":3465}