{"stats":{"minecraft:used":{"minecraft:stone_pickaxe":20,"minecraft:wooden_pickaxe":21,"minecraft:dirt":1,"minecraft:crafting_table":1,"minecraft:furnace":1,"minecraft:spruce_log":2},"minecraft:mined":{"minecraft:podzol":2,"minecraft:large_fern":1,"minecraft:coarse_dirt":8,"minecraft:furnace":1,"minecraft:spruce_log":8,"minecraft:crafting_table":1,"gravestone:gravestone":5,"minecraft:grass":6,"minecraft:dirt":24,"minecraft:spruce_leaves":3,"minecraft:stone":29,"minecraft:fern":13},"minecraft:killed_by":{"minecraft:skeleton":1,"minecraft:spider":2},"minecraft:custom":{"minecraft:time_since_rest":4917,"minecraft:interact_with_furnace":3,"minecraft:sprint_one_cm":8746,"minecraft:damage_taken":1990,"minecraft:walk_one_cm":28972,"minecraft:damage_dealt":111,"minecraft:damage_dealt_absorbed":71,"minecraft:interact_with_crafting_table":3,"minecraft:fly_one_cm":4521,"minecraft:crouch_one_cm":281,"minecraft:play_time":22307,"minecraft:deaths":7,"minecraft:sneak_time":1592,"minecraft:walk_under_water_one_cm":1267,"minecraft:jump":252,"minecraft:damage_dealt_resisted":50,"minecraft:walk_on_water_one_cm":3149,"minecraft:time_since_death":4871,"minecraft:total_world_time":22307,"minecraft:fall_one_cm":4490},"minecraft:crafted":{"minecraft:crafting_table":1,"minecraft:spruce_planks":24,"minecraft:stick":4,"minecraft:wooden_pickaxe":1,"minecraft:stone_pickaxe":1,"minecraft:stone_sword":1,"minecraft:furnace":1,"minecraft:stone":5},"minecraft:picked_up":{"minecraft:crafting_table":1,"minecraft:stick":2,"minecraft:coarse_dirt":8,"minecraft:spruce_sapling":4,"minecraft:spruce_log":8,"minecraft:dirt":26,"minecraft:wheat_seeds":4,"minecraft:cobblestone":29,"minecraft:furnace":2}},"DataVersion":3465}