{"stats":{"minecraft:killed_by":{"minecraft:pillager":1,"minecraft:ravager":2,"minecraft:vindicator":4,"artifacts:mimic":1,"minecraft:zombie":1,"minecraft:player":1,"minecraft:spider":2,"minecraft:skeleton":1},"minecraft:broken":{"minecraft:iron_shovel":2,"minecraft:stone_pickaxe":6,"minecraft:stone_axe":5,"minecraft:iron_sword":1,"minecraft:bow":3,"minecraft:stone_shovel":8,"minecraft:stone_sword":1,"minecraft:shield":1,"minecraft:iron_axe":2,"minecraft:iron_pickaxe":6,"minecraft:iron_helmet":1},"minecraft:used":{"minecraft:iron_shovel":501,"minecraft:shield":104,"minecraft:chest":5,"butchersdelight:hook":8,"minecraft:iron_sword":251,"minecraft:bell":1,"minecraft:iron_chestplate":1,"cfm:dark_oak_upgraded_gate":5,"minecraft:carrot":9,"minecraft:milk_bucket":1,"minecraft:glass":4,"minecraft:spruce_boat":3,"cfm:dark_oak_upgraded_fence":406,"minecraft:lava_bucket":3,"minecraft:bricks":431,"minecraft:iron_helmet":1,"farmersdelight:cutting_board":1,"minecraft:magma_block":9,"minecraft:bow":191,"minecraft:furnace":2,"minecraft:gray_bed":1,"minecraft:egg":7,"ava:gun_crafting_table":2,"minecraft:dark_oak_sapling":50,"elevatorid:elevator_brown":1,"minecraft:diorite":2,"minecraft:leather_leggings":2,"pfm:iron_freezer":1,"minecraft:stone_pickaxe":821,"minecraft:sugar_cane":42,"minecraft:wooden_pickaxe":21,"minecraft:composter":7,"butchersdelight:skullcow":5,"minecraft:sand":1,"minecraft:blast_furnace":1,"minecraft:dripstone_block":2,"minecraft:melon_slice":39,"sophisticatedbackpacks:backpack":1,"minecraft:string":3,"minecraft:bread":1,"pfm:working_table":2,"minecraft:cyan_bed":1,"minecraft:dark_oak_log":24,"minecraft:lectern":22,"farmersdelight:ham":16,"pfm:dark_oak_herringbone_planks":64,"minecraft:andesite":1,"minecraft:air":47,"minecraft:coarse_dirt":3,"delightful:acorn":6,"minecraft:bone_meal":51,"minecraft:stone_sword":248,"minecraft:flint_and_steel":4,"minecraft:stone_shovel":968,"farmersdelight:rich_soil":4,"minecraft:cooked_chicken":1,"minecraft:torch":268,"minecraft:dirt":1627,"minecraft:brewing_stand":2,"storagedrawers:dark_oak_full_drawers_4":5,"farmersdelight:flint_knife":2,"minecraft:white_carpet":4,"minecraft:granite":12,"farmersdelight:rope":6,"minecraft:dark_oak_planks":396,"alexsmobs:maggot":13,"butchersdelight:cleaver":4,"minecraft:iron_axe":387,"minecraft:barrel":1,"aiot:diamond_aiot":1915,"comforts:sleeping_bag_white":28,"minecraft:cooked_beef":16,"minecraft:cobbled_deepslate":23,"minecraft:pointed_dripstone":5,"minecraft:brown_bed":5,"minecraft:iron_leggings":1,"minecraft:cooked_mutton":63,"alexsmobs:cooked_catfish":2,"minecraft:water_bucket":59,"minecraft:glass_bottle":60,"storagedrawers:spruce_full_drawers_4":26,"minecraft:cauldron":6,"minecraft:stonecutter":2,"minecraft:cobblestone_slab":17,"minecraft:leather_boots":1,"delightful:salmonberries":3,"farmersdelight:onion":1,"minecraft:crafting_table":6,"minecraft:red_bed":1,"minecraft:dark_oak_fence_gate":2,"minecraft:white_bed":17,"minecraft:campfire":3,"minecraft:spruce_log":2,"minecraft:smoker":1,"exlinefurniture:spruce_log_table":4,"minecraft:apple":4,"minecraft:oxeye_daisy":1,"minecraft:iron_pickaxe":1487,"minecraft:spruce_sapling":12,"minecraft:stone_axe":531,"minecraft:fishing_rod":45,"minecraft:cobblestone":317,"minecraft:potion":57,"cfm:spruce_park_bench":13,"minecraft:white_banner":5,"minecraft:cooked_porkchop":38,"minecraft:bucket":69,"minecraft:yellow_bed":1,"alexsmobs:animal_dictionary":2,"butchersdelight:rack":3,"minecraft:candle":6},"minecraft:picked_up":{"minecraft:iron_chestplate":1,"minecraft:wheat":5,"minecraft:yellow_wool":3,"minecraft:enchanted_book":3,"minecraft:brewing_stand":5,"ava:shotgun_ammo":64,"farmersdelight:cutting_board":1,"minecraft:string":26,"minecraft:raw_copper":1023,"minecraft:cooked_salmon":2,"minecraft:iron_leggings":1,"minecraft:armor_stand":2,"minecraft:pufferfish":5,"butchersdelight:cleaver":2,"minecraft:smooth_stone":1,"minecraft:cobbled_deepslate":529,"minecraft:bucket":3,"comforts:sleeping_bag_white":30,"delightful:acorn":17,"minecraft:cobblestone_slab":5,"storagedrawers:dark_oak_full_drawers_4":5,"minecraft:iron_pickaxe":5,"minecraft:melon_slice":50,"delightful:green_tea_leaf":14,"farmersdelight:cabbage_seeds":6,"minecraft:furnace":3,"minecraft:stick":108,"artifacts:universal_attractor":1,"minecraft:composter":7,"minecraft:torch":60,"storagedrawers:spruce_full_drawers_4":25,"ava:work_hardened_iron":14,"minecraft:porkchop":62,"minecraft:pointed_dripstone":76,"minecraft:diorite":48,"minecraft:light_gray_banner":1,"minecraft:cauldron":7,"minecraft:stone_sword":1,"minecraft:rotten_flesh":54,"minecraft:tropical_fish":2,"artifacts:villager_hat":2,"farmersdelight:rope":66,"minecraft:bookshelf":6,"minecraft:cod":18,"minecraft:snowball":22,"minecraft:cobblestone":862,"minecraft:birch_log":15,"minecraft:magma_block":17,"minecraft:cooked_beef":14,"minecraft:andesite":46,"minecraft:brown_wool":1,"minecraft:smoker":1,"butchersdelight:deadpig":8,"minecraft:flint":6,"minecraft:tuff":315,"butchersdelight:goat_fur":2,"minecraft:lapis_lazuli":77,"farmersdelight:tomato":1,"minecraft:dirt":2442,"minecraft:leather_boots":1,"minecraft:glass":6,"minecraft:bone":409,"minecraft:bow":31,"minecraft:stonecutter":2,"delightful:mini_melon":1,"minecraft:wheat_seeds":55,"minecraft:raw_gold":52,"minecraft:bell":1,"minecraft:grindstone":1,"vc_gliders:paraglider_wood":2,"artifacts:antidote_vessel":1,"minecraft:cooked_porkchop":15,"butchersdelight:skullcow":20,"butchersdelight:cow_hide":14,"minecraft:sand":23,"sophisticatedbackpacks:iron_backpack":2,"minecraft:loom":1,"minecraft:cyan_bed":1,"farmersdelight:ham":16,"minecraft:dark_oak_log":454,"minecraft:mossy_cobblestone":38,"exlinefurniture:spruce_log_table":4,"minecraft:diamond":26,"minecraft:spruce_boat":3,"artifacts:crystal_heart":1,"minecraft:granite":29,"minecraft:bone_meal":1,"butchersdelight:deadllama":2,"minecraft:emerald":78,"alexsmobs:maggot":7,"pfm:furniture_book":1,"butchersdelight:hook":2,"minecraft:oak_sapling":23,"minecraft:bricks":179,"minecraft:oak_leaves":21,"minecraft:charcoal":52,"minecraft:fishing_rod":1,"minecraft:mud":1,"minecraft:coarse_dirt":8,"minecraft:crafting_table":6,"cfm:spruce_park_bench":9,"minecraft:clay_ball":1500,"minecraft:leather_leggings":1,"pfm:dark_oak_herringbone_planks":117,"aiot:diamond_aiot":1,"gravestone:obituary":4,"minecraft:brick":2,"alexsmobs:cooked_catfish":2,"minecraft:red_bed":1,"minecraft:white_carpet":1,"butchersdelight:dead_cow":20,"minecraft:cartography_table":1,"minecraft:candle":11,"minecraft:beef":62,"farmersdelight:straw":3,"minecraft:lectern":16,"minecraft:sugar_cane":267,"minecraft:chest":6,"minecraft:birch_sapling":5,"ava:k1a1":1,"minecraft:egg":10,"minecraft:dark_oak_sapling":47,"minecraft:raw_iron":526,"sophisticatedbackpacks:backpack":6,"farmersdelight:tomato_seeds":11,"minecraft:carrot":13,"minecraft:redstone":55,"minecraft:iron_horse_armor":1,"minecraft:dark_oak_planks":55,"artifacts:snorkel":2,"minecraft:arrow":399,"butchersdelight:deadsheep":19,"minecraft:stone_shovel":2,"minecraft:shears":2,"minecraft:hay_block":128,"pfm:working_table":2,"minecraft:saddle":3,"minecraft:gold_ingot":71,"artifacts:pocket_piston":1,"minecraft:mutton":77,"minecraft:white_wool":23,"cfm:dark_oak_upgraded_fence":464,"minecraft:oxeye_daisy":1,"farmersdelight:rich_soil":28,"minecraft:birch_leaves":16,"ava:gun_crafting_table":1,"minecraft:salmon":3,"minecraft:leather":62,"minecraft:red_mushroom":5,"artifacts:anglers_hat":1,"cfm:dark_oak_upgraded_gate":7,"minecraft:oak_log":49,"minecraft:lily_pad":2,"minecraft:yellow_bed":1,"minecraft:gunpowder":26,"pfm:iron_freezer":1,"butchersdelight:rack":3,"minecraft:white_banner":5,"elevatorid:elevator_brown":1,"farmersdelight:organic_compost":4,"minecraft:cooked_mutton":8,"minecraft:apple":6,"minecraft:iron_ingot":19,"minecraft:stone_pickaxe":2,"ava:colt_saa":1,"minecraft:iron_sword":1,"minecraft:book":25,"minecraft:milk_bucket":1,"minecraft:dandelion":2,"minecraft:raw_iron_block":9,"minecraft:dripstone_block":15,"minecraft:gravel":21,"minecraft:lava_bucket":2,"minecraft:spruce_sapling":33,"minecraft:blast_furnace":2,"delightful:salmonberries":3,"minecraft:white_bed":12,"minecraft:spruce_log":158,"minecraft:dark_oak_fence_gate":2,"minecraft:spider_eye":5,"alexsmobs:raw_catfish":2,"butchersdelight:sheephide":23,"minecraft:stone_axe":2,"minecraft:iron_helmet":2,"minecraft:gray_wool":3,"minecraft:black_wool":2,"minecraft:stripped_dark_oak_log":1,"minecraft:coal":384},"minecraft:killed":{"minecraft:spider":14,"minecraft:skeleton":341,"ava:blue_robot":8,"artifacts:mimic":4,"minecraft:zombie_villager":1,"minecraft:iron_golem":1,"minecraft:creeper":22,"minecraft:sheep":16,"minecraft:pillager":5,"minecraft:zombie":46,"alexsmobs:fly":4,"minecraft:vindicator":1,"minecraft:horse":1,"minecraft:drowned":1,"minecraft:ravager":1,"alexsmobs:catfish":2,"alexsmobs:cockroach":2,"minecraft:villager":2,"minecraft:enderman":1},"minecraft:mined":{"minecraft:dark_oak_planks":22,"minecraft:white_bed":11,"farmersdelight:rich_soil":14,"minecraft:farmland":4,"minecraft:sculk_vein":2,"minecraft:brewing_stand":4,"minecraft:granite":29,"minecraft:grass_block":1152,"minecraft:composter":7,"minecraft:oxeye_daisy":1,"comforts:sleeping_bag_white":2,"minecraft:smooth_stone":1,"minecraft:raw_iron_block":9,"minecraft:magma_block":6,"minecraft:iron_ore":136,"minecraft:fire":4,"minecraft:cobbled_deepslate":5,"minecraft:deepslate_lapis_ore":4,"minecraft:pointed_dripstone":39,"minecraft:water_cauldron":4,"minecraft:dirt_path":41,"minecraft:tripwire":2,"minecraft:deepslate_redstone_ore":13,"minecraft:red_bed":1,"farmersdelight:organic_compost":6,"minecraft:smoker":1,"minecraft:clay":279,"minecraft:torch":28,"cfm:dark_oak_upgraded_gate":3,"minecraft:blast_furnace":2,"minecraft:melon":9,"minecraft:chest":3,"minecraft:dead_bush":1,"minecraft:glass":2,"farmersdelight:cabbages":3,"storagedrawers:dark_oak_full_drawers_4":1,"minecraft:cobblestone":85,"minecraft:cyan_bed":1,"minecraft:sugar_cane":169,"minecraft:grindstone":1,"minecraft:bricks":28,"minecraft:wall_torch":34,"minecraft:cauldron":4,"minecraft:seagrass":3,"cfm:spruce_park_bench":9,"minecraft:birch_log":15,"minecraft:wheat":2,"minecraft:yellow_wool":3,"minecraft:grass":316,"butchersdelight:hook":2,"minecraft:oak_log":49,"delightful:mini_melon":1,"minecraft:dirt":1179,"minecraft:dark_oak_sapling":7,"minecraft:loom":1,"minecraft:sand":23,"minecraft:stonecutter":2,"minecraft:oak_leaves":14,"minecraft:deepslate":555,"minecraft:diamond_ore":6,"minecraft:tuff":319,"minecraft:candle_cake":1,"minecraft:mossy_cobblestone":44,"pfm:dark_oak_herringbone_planks":4,"minecraft:dark_oak_leaves":4,"minecraft:deepslate_diamond_ore":15,"minecraft:candle":5,"butchersdelight:rack":3,"farmersdelight:wild_carrots":8,"minecraft:dark_oak_log":321,"gravestone:gravestone":20,"farmersdelight:tomatoes":4,"minecraft:spruce_leaves":5,"minecraft:cartography_table":1,"minecraft:large_fern":3,"minecraft:hay_block":129,"minecraft:spruce_sapling":8,"minecraft:furnace":2,"cfm:dark_oak_upgraded_fence":119,"minecraft:andesite":46,"minecraft:dark_oak_fence_gate":2,"minecraft:bell":1,"minecraft:bookshelf":8,"farmersdelight:rope":2,"minecraft:cobblestone_slab":12,"minecraft:deepslate_iron_ore":392,"minecraft:stripped_oak_log":1,"butchersdelight:skullcow":5,"minecraft:stone":743,"sophisticatedbackpacks:backpack":1,"minecraft:white_wool":3,"minecraft:podzol":33,"minecraft:stripped_dark_oak_log":1,"minecraft:crafting_table":4,"minecraft:light_gray_wall_banner":1,"minecraft:campfire":2,"minecraft:lectern":13,"minecraft:copper_ore":208,"minecraft:tall_grass":64,"farmersdelight:wild_tomatoes":1,"minecraft:deepslate_gold_ore":37,"minecraft:lily_pad":1,"delightful:wild_salmonberries":4,"minecraft:diorite":48,"minecraft:coarse_dirt":8,"butchersdelight:deadcowblock":3,"minecraft:white_carpet":2,"minecraft:spruce_log":136,"exlinefurniture:spruce_log_table":4,"minecraft:white_wall_banner":1,"pfm:iron_freezer":1,"minecraft:yellow_bed":1,"pfm:working_table":2,"minecraft:coal_ore":156,"minecraft:gravel":26,"minecraft:dripstone_block":14,"storagedrawers:spruce_full_drawers_4":5,"ava:gun_crafting_table":1,"minecraft:gold_ore":16,"minecraft:fern":15},"minecraft:dropped":{"minecraft:iron_sword":1,"minecraft:cooked_beef":9,"minecraft:ender_pearl":4,"minecraft:diamond":8,"minecraft:crafting_table":1,"minecraft:cooked_porkchop":3,"exlinefurniture:spruce_log_table":1,"minecraft:leather":16,"minecraft:saddle":1,"artifacts:universal_attractor":1,"minecraft:red_mushroom":1,"minecraft:emerald":109,"minecraft:dirt":533,"minecraft:dark_oak_log":433,"aiot:diamond_aiot":1,"gravestone:obituary":4,"minecraft:iron_pickaxe":3,"minecraft:dark_oak_planks":205,"minecraft:white_wool":8,"ava:packed_gunpowder":2,"minecraft:bone":1,"minecraft:sugar_cane":81,"minecraft:wheat":17,"butchersdelight:cleaver":2,"minecraft:pointed_dripstone":35,"artifacts:villager_hat":1,"minecraft:cooked_mutton":12,"comforts:sleeping_bag_yellow":1,"ava:colt_saa":1,"minecraft:gunpowder":4,"minecraft:charcoal":95,"vc_gliders:paraglider_wood":1,"minecraft:leather_boots":1,"ava:k1a1":1,"minecraft:leather_leggings":3,"comforts:sleeping_bag_white":1,"minecraft:glass":9,"minecraft:lectern":1,"minecraft:iron_ingot":10,"minecraft:smithing_table":1,"minecraft:bookshelf":2,"minecraft:iron_helmet":1,"minecraft:cobblestone":64,"minecraft:book":13,"minecraft:coal":90,"minecraft:stick":25,"minecraft:gray_wool":2,"artifacts:snorkel":1,"minecraft:brewing_stand":2,"minecraft:melon_slice":11,"farmersdelight:organic_compost":5,"minecraft:mud":1,"farmersdelight:rich_soil":13,"minecraft:bucket":6,"minecraft:spruce_sapling":16,"butchersdelight:goat_fur":1,"minecraft:stone_sword":1,"minecraft:raw_iron":1,"minecraft:stone_shovel":1,"minecraft:clay_ball":865,"sophisticatedbackpacks:backpack":4,"farmersdelight:straw":2,"cfm:dark_oak_upgraded_fence":70,"minecraft:hay_block":1,"minecraft:shield":1,"minecraft:spruce_planks":188,"pfm:furniture_book":1,"minecraft:stone_pickaxe":1,"minecraft:brick":5,"ava:work_hardened_iron":14},"minecraft:crafted":{"minecraft:brick":823,"minecraft:oak_planks":14,"cfm:dark_oak_upgraded_fence":96,"minecraft:cobblestone_slab":12,"giacomos_fishing_net:fishing_meal":3,"minecraft:stone":5,"sophisticatedbackpacks:crafting_upgrade":1,"farmersdelight:rope":8,"minecraft:bookshelf":8,"minecraft:cooked_mutton":65,"sophisticatedbackpacks:smelting_upgrade":1,"minecraft:glass":9,"ava:silicon":32,"ava:work_hardened_iron":88,"minecraft:iron_boots":1,"minecraft:chest":8,"ava:gun_crafting_table":1,"aiot:diamond_aiot":1,"minecraft:bricks":252,"minecraft:smoker":1,"minecraft:emerald":124,"minecraft:cooked_porkchop":56,"minecraft:diamond_axe":1,"minecraft:crafting_table":2,"minecraft:spruce_planks":158,"exlinefurniture:spruce_log_table":1,"farmersdelight:flint_knife":1,"minecraft:wooden_pickaxe":1,"minecraft:copper_ingot":128,"butchersdelight:cleaver":2,"minecraft:hay_block":33,"minecraft:campfire":3,"sophisticatedbackpacks:upgrade_base":2,"comforts:sleeping_bag_yellow":1,"minecraft:lectern":7,"minecraft:dark_oak_sapling":4,"minecraft:string":8,"minecraft:dark_oak_slab":36,"minecraft:paper":63,"minecraft:diamond_pickaxe":1,"minecraft:charcoal":55,"minecraft:shield":2,"minecraft:stick":164,"minecraft:iron_ingot":111,"minecraft:iron_pickaxe":4,"minecraft:stone_sword":1,"minecraft:gold_ingot":97,"minecraft:dark_oak_fence_gate":1,"storagedrawers:upgrade_template":8,"cfm:spruce_park_bench":4,"minecraft:raw_iron":81,"minecraft:stone_shovel":6,"minecraft:fishing_rod":1,"minecraft:leather_leggings":1,"minecraft:iron_nugget":63,"minecraft:diamond_hoe":1,"comforts:sleeping_bag_white":1,"minecraft:furnace":2,"storagedrawers:spruce_full_drawers_4":4,"minecraft:bone_meal":116,"minecraft:white_carpet":3,"minecraft:flint_and_steel":1,"storagedrawers:emerald_storage_upgrade":2,"ava:plastic":23,"minecraft:iron_axe":2,"storagedrawers:birch_full_drawers_2":2,"minecraft:ender_pearl":4,"minecraft:stone_pickaxe":5,"minecraft:spruce_boat":1,"minecraft:dark_oak_planks":384,"minecraft:wheat":1267,"minecraft:cooked_beef":11,"minecraft:diamond_sword":1,"butchersdelight:hook":6,"minecraft:iron_sword":1,"sophisticatedbackpacks:gold_backpack":1,"minecraft:stone_axe":3,"minecraft:enchanted_book":7,"minecraft:iron_shovel":2,"ava:packed_gunpowder":2,"minecraft:white_bed":5,"minecraft:torch":310},"minecraft:custom":{"minecraft:animals_bred":4,"minecraft:interact_with_crafting_table":105,"minecraft:open_barrel":15,"minecraft:bell_ring":7,"minecraft:leave_game":46,"minecraft:time_since_death":845433,"minecraft:sprint_one_cm":2909610,"minecraft:damage_blocked_by_shield":2455,"minecraft:drop":291,"minecraft:talked_to_villager":230,"minecraft:play_time":1954300,"minecraft:deaths":22,"minecraft:jump":14761,"minecraft:walk_on_water_one_cm":137200,"minecraft:interact_with_furnace":171,"giacomos_fishing_net:interact":4,"minecraft:traded_with_villager":146,"minecraft:interact_with_cartography_table":1,"minecraft:sleep_in_bed":41,"minecraft:waystone_activated":4,"minecraft:damage_dealt":110212,"minecraft:crouch_one_cm":217457,"minecraft:interact_with_smoker":4,"minecraft:use_cauldron":9,"minecraft:horse_one_cm":1526241,"minecraft:interact_with_anvil":4,"minecraft:mob_kills":482,"minecraft:fill_cauldron":1,"minecraft:interact_with_campfire":10,"minecraft:damage_dealt_resisted":112,"minecraft:climb_one_cm":9704,"minecraft:walk_one_cm":1850528,"minecraft:damage_dealt_absorbed":228,"minecraft:raid_win":1,"minecraft:sneak_time":172918,"minecraft:walk_under_water_one_cm":81768,"minecraft:boat_one_cm":603212,"minecraft:interact_with_blast_furnace":43,"minecraft:total_world_time":1954300,"minecraft:interact_with_stonecutter":1,"minecraft:time_since_rest":33462,"minecraft:damage_taken":12689,"minecraft:swim_one_cm":179244,"minecraft:freezer_opened":6,"minecraft:fly_one_cm":2325459,"minecraft:open_chest":417,"minecraft:fish_caught":28,"minecraft:fall_one_cm":301437}},"DataVersion":3465}