{"stats":{"minecraft:used":{"minecraft:stone_sword":73,"minecraft:glass_bottle":9,"minecraft:stone_shovel":18,"minecraft:stone_pickaxe":118,"minecraft:chest":1,"minecraft:wooden_pickaxe":21,"minecraft:torch":9,"minecraft:dirt":1,"minecraft:crafting_table":3,"minecraft:carrot":9,"minecraft:campfire":2,"minecraft:spruce_log":2,"minecraft:spruce_boat":1,"minecraft:apple":1,"farmersdelight:ham":1,"minecraft:stone_axe":79,"minecraft:fishing_rod":6,"minecraft:potion":7,"toughasnails:purified_water_bottle":3,"minecraft:furnace":2,"minecraft:cooked_porkchop":2,"comforts:sleeping_bag_white":6,"minecraft:air":1,"minecraft:coarse_dirt":3},"minecraft:mined":{"minecraft:podzol":3,"farmersdelight:wild_carrots":8,"minecraft:crafting_table":2,"gravestone:gravestone":6,"minecraft:grass_block":11,"minecraft:campfire":1,"minecraft:tall_grass":18,"minecraft:spruce_leaves":3,"minecraft:sugar_cane":12,"minecraft:wall_torch":5,"comforts:sleeping_bag_white":1,"minecraft:large_fern":1,"minecraft:hay_block":65,"minecraft:coarse_dirt":8,"minecraft:furnace":1,"minecraft:yellow_wool":3,"minecraft:spruce_log":67,"minecraft:grass":61,"minecraft:oak_log":6,"minecraft:coal_ore":7,"delightful:mini_melon":1,"minecraft:dirt_path":4,"minecraft:gravel":15,"minecraft:dirt":25,"minecraft:sand":14,"minecraft:stone":96,"minecraft:white_wool":3,"minecraft:fern":14},"minecraft:killed_by":{"minecraft:skeleton":1,"minecraft:spider":2},"minecraft:killed":{"minecraft:horse":1,"minecraft:sheep":6},"minecraft:custom":{"minecraft:interact_with_furnace":12,"minecraft:mob_kills":7,"minecraft:traded_with_villager":18,"minecraft:interact_with_crafting_table":13,"minecraft:interact_with_campfire":4,"minecraft:bell_ring":1,"minecraft:damage_dealt_resisted":50,"minecraft:time_since_death":69799,"minecraft:sleep_in_bed":7,"minecraft:climb_one_cm":328,"minecraft:time_since_rest":3365,"minecraft:waystone_activated":1,"minecraft:sprint_one_cm":107791,"minecraft:damage_taken":2447,"minecraft:walk_one_cm":160462,"minecraft:drop":14,"minecraft:damage_dealt":1060,"minecraft:damage_dealt_absorbed":71,"minecraft:swim_one_cm":10072,"minecraft:talked_to_villager":13,"minecraft:fly_one_cm":45152,"minecraft:open_chest":8,"minecraft:crouch_one_cm":3305,"minecraft:play_time":106307,"minecraft:deaths":8,"minecraft:sneak_time":10079,"minecraft:walk_under_water_one_cm":5858,"minecraft:boat_one_cm":68554,"minecraft:jump":877,"minecraft:walk_on_water_one_cm":24403,"minecraft:fish_caught":2,"minecraft:total_world_time":106307,"minecraft:fall_one_cm":12543},"minecraft:dropped":{"minecraft:iron_ingot":4,"minecraft:cooked_mutton":9,"minecraft:coal":4,"comforts:sleeping_bag_yellow":1,"minecraft:charcoal":2,"minecraft:leather_leggings":1,"gravestone:obituary":3,"minecraft:glass":9,"minecraft:spruce_sapling":16},"minecraft:crafted":{"minecraft:stone_shovel":3,"minecraft:emerald":17,"minecraft:fishing_rod":1,"minecraft:leather_leggings":1,"minecraft:crafting_table":1,"minecraft:spruce_planks":40,"comforts:sleeping_bag_white":1,"farmersdelight:flint_knife":1,"minecraft:wooden_pickaxe":1,"minecraft:furnace":1,"minecraft:stone":5,"minecraft:campfire":2,"minecraft:stone_axe":1,"minecraft:cooked_mutton":9,"minecraft:glass":9,"comforts:sleeping_bag_yellow":1,"minecraft:string":4,"minecraft:stick":16,"minecraft:iron_ingot":2,"minecraft:stone_pickaxe":1,"minecraft:chest":1,"minecraft:stone_sword":1,"minecraft:spruce_boat":1,"minecraft:torch":4,"minecraft:wheat":322},"minecraft:picked_up":{"minecraft:charcoal":2,"minecraft:coarse_dirt":8,"minecraft:crafting_table":2,"minecraft:cooked_beef":2,"minecraft:yellow_wool":3,"minecraft:leather":1,"butchersdelight:deadpig":1,"minecraft:flint":4,"minecraft:oak_log":6,"gravestone:obituary":3,"minecraft:string":1,"minecraft:dirt":41,"minecraft:bone":1,"butchersdelight:dead_cow":1,"minecraft:apple":1,"delightful:mini_melon":1,"minecraft:wheat_seeds":15,"comforts:sleeping_bag_white":6,"minecraft:iron_ingot":4,"minecraft:beef":2,"minecraft:sugar_cane":28,"delightful:green_tea_leaf":2,"minecraft:furnace":2,"minecraft:stick":10,"minecraft:cooked_porkchop":2,"minecraft:torch":5,"minecraft:gravel":11,"butchersdelight:cow_hide":1,"minecraft:porkchop":2,"minecraft:sand":14,"minecraft:spruce_sapling":17,"minecraft:spruce_log":65,"minecraft:carrot":9,"farmersdelight:ham":1,"minecraft:arrow":1,"butchersdelight:sheephide":9,"butchersdelight:deadsheep":9,"minecraft:hay_block":65,"minecraft:gray_wool":1,"minecraft:cod":2,"minecraft:oak_sapling":2,"minecraft:black_wool":2,"minecraft:mutton":9,"minecraft:coal":41,"minecraft:white_wool":9,"minecraft:cobblestone":95}},"DataVersion":3465}